Time_spent_Alone,Stage_fear,Social_event_attendance,Going_outside,Drained_after_socializing,Friends_circle_size,Post_frequency,Personality
4,No,4,6,No,13,5,Extrovert
9,Yes,0,0,Yes,0,3,Introvert
9,Yes,1,2,Yes,5,2,Introvert
0,No,6,7,No,14,8,Extrovert
3,No,9,4,No,8,5,Extrovert
1,No,7,5,No,6,6,Extrovert
4,No,9,,No,7,7,Extrovert
2,No,8,4,No,7,8,Extrovert
10,Yes,1,3,Yes,0,3,Introvert
0,No,8,6,No,13,8,Extrovert
3,No,9,6,No,15,5,Extrovert
10,Yes,3,1,Yes,4,0,Introvert
3,No,6,7,No,14,10,Extrovert
3,No,6,4,No,10,7,Extrovert
6,Yes,3,0,Yes,1,3,Introvert
0,No,4,4,No,8,8,Extrovert
9,Yes,0,0,Yes,0,0,Introvert
1,No,5,6,No,10,4,Extrovert
5,Yes,3,0,Yes,4,2,Introvert
1,No,7,5,No,12,5,Extrovert
10,Yes,3,1,Yes,2,1,Introvert
2,No,8,4,No,13,6,Extrovert
1,No,6,7,No,14,9,Extrovert
9,Yes,2,2,Yes,1,0,Introvert
2,No,8,7,No,15,6,Extrovert
2,No,8,4,No,11,9,Extrovert
0,No,6,4,No,14,9,Extrovert
4,No,5,7,No,6,6,Extrovert
2,No,6,4,No,12,10,Extrovert
0,No,9,4,No,14,7,Extrovert
4,No,10,4,No,9,10,Extrovert
4,No,7,7,No,7,9,Extrovert
5,Yes,3,3,Yes,0,1,Introvert
8,Yes,3,3,,2,0,Introvert
10,Yes,1,1,Yes,3,2,Introvert
2,No,6,5,No,14,9,Extrovert
1,No,4,4,No,15,4,Extrovert
1,No,6,4,No,10,5,Extrovert
10,Yes,1,2,Yes,2,0,Introvert
5,Yes,0,1,Yes,5,0,Introvert
3,No,5,5,No,13,5,Extrovert
1,No,4,5,No,,10,Extrovert
9,Yes,1,3,Yes,2,2,Introvert
6,Yes,2,2,Yes,2,1,Introvert
8,Yes,2,1,Yes,5,3,Introvert
0,No,8,6,No,6,10,Extrovert
4,No,7,4,No,13,10,Extrovert
10,Yes,1,2,Yes,2,0,Introvert
5,Yes,1,3,Yes,3,3,Introvert
1,No,5,6,No,8,10,Extrovert
6,Yes,1,0,Yes,3,1,Introvert
0,No,7,4,No,10,10,Extrovert
9,Yes,0,2,Yes,3,2,Introvert
8,Yes,3,1,Yes,1,2,Introvert
6,Yes,3,3,Yes,4,3,Introvert
3,No,10,4,No,10,5,Extrovert
9,Yes,3,2,Yes,4,3,Introvert
2,No,10,6,No,10,9,Extrovert
2,No,5,7,No,10,5,Extrovert
,No,9,4,No,7,5,Extrovert
1,No,9,5,No,9,10,Extrovert
9,Yes,2,3,Yes,4,2,Introvert
7,Yes,3,1,Yes,2,3,Introvert
2,No,7,5,No,7,9,Extrovert
3,No,5,6,No,6,5,Extrovert
10,Yes,3,1,Yes,0,2,Introvert
0,No,10,6,No,6,4,Extrovert
5,Yes,1,3,Yes,4,3,Introvert
0,No,4,6,No,6,5,Extrovert
7,Yes,3,2,Yes,1,2,Introvert
8,Yes,3,3,Yes,4,0,Introvert
1,No,,5,No,11,8,Extrovert
2,No,10,5,No,12,5,Extrovert
8,Yes,0,1,Yes,0,2,Introvert
10,Yes,2,0,Yes,3,1,Introvert
7,Yes,3,3,Yes,2,0,Introvert
6,Yes,1,2,Yes,5,0,Introvert
0,No,5,4,No,9,10,Extrovert
8,Yes,0,1,Yes,5,0,Introvert
4,No,9,6,No,11,6,Extrovert
5,Yes,2,0,Yes,2,0,Introvert
1,No,8,4,No,11,10,Extrovert
0,No,5,6,No,9,7,Extrovert
7,Yes,1,0,,3,1,Introvert
4,No,4,7,No,6,8,Extrovert
3,No,4,4,No,12,5,Extrovert
4,No,9,4,No,8,10,Extrovert
0,No,6,5,No,11,8,Extrovert
1,No,4,6,No,15,8,Extrovert
3,No,7,6,No,,9,Extrovert
5,Yes,1,3,Yes,4,0,Introvert
0,No,7,6,No,10,4,Extrovert
9,Yes,1,1,Yes,1,3,Introvert
3,No,5,5,No,8,5,Extrovert
1,No,8,6,No,9,6,Extrovert
3,No,7,6,No,11,10,Extrovert
1,No,5,,No,10,9,Extrovert
3,No,10,6,No,14,7,Extrovert
4,No,10,7,No,8,10,Extrovert
8,Yes,1,0,Yes,4,2,Introvert
5,Yes,2,2,Yes,0,3,Introvert
1,No,,6,No,8,8,Extrovert
0,No,4,7,No,13,4,Extrovert
5,Yes,1,3,Yes,5,2,Introvert
7,Yes,1,2,Yes,3,3,Introvert
0,No,6,7,No,12,9,Extrovert
0,No,4,6,No,13,5,Extrovert
0,No,6,7,No,9,4,Extrovert
3,No,4,5,No,10,6,Extrovert
9,Yes,0,3,Yes,1,0,Introvert
3,No,6,7,No,15,5,Extrovert
4,No,9,7,No,13,5,Extrovert
1,No,7,7,No,9,5,Extrovert
7,Yes,0,3,Yes,1,0,Introvert
3,No,6,4,No,8,10,Extrovert
4,,5,5,No,15,8,Extrovert
1,No,7,5,No,6,9,Extrovert
5,Yes,0,2,Yes,0,2,Introvert
10,Yes,0,3,Yes,0,1,Introvert
3,No,8,4,No,12,4,Extrovert
6,Yes,1,2,Yes,5,1,Introvert
10,Yes,2,3,Yes,2,2,Introvert
3,No,5,7,No,8,4,Extrovert
7,Yes,2,3,Yes,1,2,Introvert
3,No,6,6,No,10,7,Extrovert
,Yes,3,0,Yes,2,1,Introvert
4,No,9,7,No,10,5,Extrovert
4,No,4,7,No,15,8,Extrovert
10,Yes,0,1,Yes,5,3,Introvert
4,No,7,6,No,7,9,Extrovert
3,No,5,7,No,13,7,Extrovert
5,Yes,,0,Yes,2,2,Introvert
8,Yes,1,1,Yes,2,3,Introvert
4,No,9,5,No,10,7,Extrovert
2,No,10,6,No,11,8,Extrovert
6,Yes,0,1,Yes,1,1,Introvert
10,Yes,2,1,Yes,5,3,Introvert
9,Yes,3,2,Yes,3,2,Introvert
6,Yes,3,2,Yes,1,1,Introvert
4,No,10,4,No,9,8,Extrovert
2,No,10,7,No,6,4,Extrovert
10,Yes,3,3,Yes,5,3,Introvert
3,No,7,5,No,6,9,Extrovert
2,No,10,6,No,12,5,Extrovert
3,No,5,6,No,8,6,Extrovert
3,No,6,7,No,15,9,Extrovert
9,Yes,1,0,Yes,0,0,Introvert
5,Yes,0,3,Yes,4,3,Introvert
0,No,6,7,No,8,7,Extrovert
1,No,4,7,No,10,7,Extrovert
7,Yes,2,2,Yes,3,2,Introvert
2,No,6,4,No,13,5,Extrovert
4,No,5,7,No,13,8,Extrovert
9,Yes,2,3,Yes,0,1,Introvert
4,No,8,7,No,11,7,Extrovert
8,Yes,1,2,Yes,3,3,Introvert
5,Yes,3,1,Yes,2,1,Introvert
2,,6,7,No,11,10,Extrovert
2,No,10,4,No,11,10,Extrovert
2,No,9,5,No,8,10,Extrovert
5,Yes,2,2,Yes,1,2,Introvert
6,Yes,3,0,Yes,5,0,Introvert
3,No,10,5,No,14,4,Extrovert
6,Yes,3,3,Yes,1,0,Introvert
6,Yes,1,3,Yes,1,3,Introvert
0,No,7,7,No,9,8,Extrovert
10,Yes,0,3,Yes,4,3,Introvert
9,Yes,2,2,Yes,1,1,Introvert
1,No,5,7,No,9,7,Extrovert
6,Yes,1,3,Yes,3,3,Introvert
1,No,8,4,No,10,8,Extrovert
,No,4,7,No,7,5,Extrovert
3,No,6,6,No,13,9,Extrovert
6,Yes,1,3,Yes,0,2,Introvert
1,No,5,5,No,15,5,Extrovert
8,Yes,2,2,Yes,1,1,Introvert
1,No,9,4,No,13,6,Extrovert
2,No,8,6,No,13,10,Extrovert
2,No,9,7,No,13,10,Extrovert
2,No,6,7,No,8,9,Extrovert
,No,8,5,No,9,4,Extrovert
3,No,8,4,No,7,4,Extrovert
6,Yes,0,0,Yes,2,3,Introvert
7,Yes,0,2,Yes,3,2,Introvert
3,No,8,7,No,7,10,Extrovert
10,Yes,1,0,Yes,0,3,Introvert
9,Yes,2,0,Yes,2,1,Introvert
10,Yes,0,1,Yes,1,1,Introvert
7,Yes,2,1,Yes,1,2,Introvert
2,No,10,7,No,10,4,Extrovert
4,No,8,7,No,6,10,Extrovert
3,No,8,4,No,9,7,Extrovert
0,No,5,6,No,9,4,Extrovert
9,Yes,2,3,Yes,2,1,Introvert
8,Yes,0,0,Yes,1,2,Introvert
1,No,6,7,No,13,10,Extrovert
6,Yes,3,2,Yes,3,1,Introvert
6,Yes,2,2,Yes,1,1,Introvert
10,Yes,0,0,Yes,3,0,Introvert
3,No,6,,No,10,6,Extrovert
7,Yes,0,2,Yes,3,0,Introvert
8,Yes,2,1,Yes,3,2,Introvert
6,Yes,2,0,Yes,3,1,Introvert
8,Yes,1,1,Yes,2,1,Introvert
7,Yes,0,0,Yes,2,1,Introvert
8,,0,,Yes,3,2,Introvert
5,Yes,2,1,Yes,2,2,Introvert
,Yes,2,2,Yes,1,2,Introvert
8,Yes,2,2,Yes,1,0,Introvert
5,Yes,0,1,Yes,2,1,Introvert
4,Yes,1,0,Yes,2,2,Introvert
7,Yes,2,0,Yes,3,2,Introvert
9,Yes,0,1,Yes,2,1,Introvert
9,Yes,1,1,Yes,2,0,Introvert
5,Yes,1,1,Yes,2,1,Introvert
7,Yes,1,2,Yes,3,1,Introvert
7,Yes,0,1,Yes,1,0,Introvert
5,Yes,2,0,Yes,2,0,Introvert
7,Yes,0,0,Yes,1,2,Introvert
8,Yes,0,0,Yes,3,0,Introvert
4,Yes,2,2,Yes,,0,Introvert
6,Yes,2,0,Yes,3,0,Introvert
5,Yes,2,1,Yes,1,2,Introvert
4,Yes,1,0,Yes,3,2,Introvert
9,Yes,0,2,Yes,2,2,Introvert
6,,0,2,Yes,1,2,Introvert
9,Yes,2,0,Yes,1,1,Introvert
9,Yes,2,2,Yes,1,2,Introvert
5,Yes,1,0,Yes,3,2,Introvert
4,Yes,0,1,Yes,1,2,Introvert
8,Yes,2,2,,1,0,Introvert
6,Yes,2,1,Yes,2,1,Introvert
8,Yes,1,0,Yes,1,1,Introvert
7,Yes,1,1,Yes,3,,Introvert
7,Yes,0,2,Yes,2,0,Introvert
4,Yes,0,2,Yes,2,,Introvert
7,Yes,0,0,Yes,3,2,Introvert
9,Yes,2,0,Yes,2,0,Introvert
4,Yes,2,1,Yes,3,2,Introvert
9,Yes,0,0,Yes,2,0,Introvert
5,Yes,1,2,Yes,2,2,Introvert
4,Yes,0,0,Yes,1,2,Introvert
4,Yes,1,1,Yes,2,2,Introvert
8,Yes,0,0,Yes,3,1,Introvert
5,Yes,0,1,Yes,2,2,Introvert
7,Yes,2,2,Yes,3,0,Introvert
9,Yes,0,1,Yes,2,1,Introvert
6,Yes,2,0,Yes,1,2,Introvert
9,Yes,0,2,Yes,3,2,Introvert
5,Yes,2,2,Yes,3,2,Introvert
7,Yes,0,0,Yes,3,1,Introvert
4,Yes,2,0,Yes,1,1,Introvert
9,Yes,1,2,Yes,3,1,Introvert
4,Yes,0,1,Yes,1,1,Introvert
7,Yes,0,0,Yes,3,2,Introvert
4,Yes,0,2,Yes,3,2,Introvert
7,Yes,1,0,Yes,3,0,Introvert
7,Yes,1,1,Yes,3,1,Introvert
4,Yes,2,0,Yes,1,1,Introvert
9,Yes,1,1,Yes,2,2,Introvert
8,Yes,0,0,Yes,1,1,Introvert
8,Yes,2,2,Yes,1,0,Introvert
7,Yes,2,2,Yes,2,2,Introvert
9,Yes,1,1,Yes,2,1,Introvert
8,Yes,2,1,Yes,3,2,Introvert
5,Yes,0,1,Yes,1,2,Introvert
4,Yes,0,0,Yes,3,2,Introvert
4,Yes,0,1,Yes,1,1,Introvert
8,Yes,1,2,Yes,1,0,Introvert
8,Yes,0,1,Yes,1,,Introvert
6,Yes,0,2,Yes,1,0,Introvert
4,Yes,2,1,Yes,1,1,Introvert
9,Yes,1,2,Yes,2,1,Introvert
9,Yes,2,1,Yes,3,2,Introvert
5,Yes,1,,Yes,1,0,Introvert
4,Yes,2,1,Yes,3,0,Introvert
5,Yes,2,1,Yes,3,1,Introvert
4,Yes,0,1,Yes,3,0,Introvert
7,Yes,0,0,Yes,,1,Introvert
7,Yes,2,2,Yes,3,1,Introvert
5,Yes,2,2,Yes,2,2,Introvert
4,Yes,1,2,Yes,2,0,Introvert
9,,1,1,Yes,2,0,Introvert
7,Yes,1,1,Yes,3,1,Introvert
6,Yes,0,0,Yes,1,0,Introvert
7,Yes,1,0,Yes,2,2,Introvert
6,Yes,2,0,Yes,2,1,Introvert
9,Yes,2,0,Yes,3,2,Introvert
7,Yes,1,2,Yes,2,0,Introvert
5,Yes,0,1,Yes,3,2,Introvert
4,Yes,0,0,Yes,2,1,Introvert
4,Yes,2,1,Yes,2,1,Introvert
4,Yes,0,0,Yes,1,0,Introvert
8,Yes,,0,Yes,,,Introvert
7,Yes,1,2,Yes,1,1,Introvert
4,Yes,0,1,Yes,1,2,Introvert
4,Yes,1,1,Yes,2,0,Introvert
7,Yes,1,1,Yes,1,2,Introvert
7,Yes,0,1,Yes,2,0,Introvert
5,Yes,1,1,Yes,1,1,Introvert
3,No,4,5,No,6,4,Extrovert
3,No,3,7,No,8,7,Extrovert
3,No,4,4,No,7,5,Extrovert
3,No,6,5,No,6,6,Extrovert
0,No,3,4,No,6,5,Extrovert
0,No,6,6,No,4,3,Extrovert
3,No,4,6,No,7,7,Extrovert
0,No,6,6,No,9,4,Extrovert
0,,5,5,No,,9,Extrovert
0,No,4,7,No,8,4,Extrovert
1,No,4,,No,,5,Extrovert
0,No,6,,No,8,4,Extrovert
0,No,5,4,No,7,3,Extrovert
0,No,7,4,No,7,4,Extrovert
0,No,3,7,No,6,3,Extrovert
2,No,6,5,No,4,9,Extrovert
3,No,7,7,No,4,9,Extrovert
,No,3,6,No,4,8,Extrovert
0,No,3,5,No,7,3,Extrovert
1,No,7,6,No,6,3,Extrovert
,No,6,4,No,4,5,Extrovert
3,No,3,6,No,7,8,Extrovert
2,No,6,6,No,5,9,Extrovert
3,No,7,4,No,6,6,Extrovert
0,No,6,6,No,8,6,Extrovert
0,No,3,6,No,8,7,Extrovert
1,No,4,6,No,9,9,Extrovert
1,No,7,6,No,8,5,Extrovert
2,No,4,6,No,7,3,Extrovert
1,No,4,7,No,4,7,Extrovert
1,No,,7,No,5,3,Extrovert
1,No,5,5,No,5,7,Extrovert
0,No,7,5,No,6,7,Extrovert
0,No,6,4,No,4,7,Extrovert
3,No,6,5,No,7,9,Extrovert
2,No,7,7,No,9,9,Extrovert
2,No,4,5,No,6,,Extrovert
1,No,,4,No,8,4,Extrovert
3,No,4,7,No,7,7,Extrovert
2,No,3,6,No,4,5,Extrovert
0,No,6,5,No,4,9,Extrovert
3,No,3,4,No,4,8,Extrovert
0,No,4,7,No,8,7,Extrovert
0,No,7,7,No,9,7,Extrovert
2,No,6,4,No,7,5,Extrovert
2,No,6,4,No,5,9,Extrovert
0,No,3,5,No,4,7,Extrovert
1,No,5,7,No,4,5,Extrovert
3,No,4,7,No,9,6,Extrovert
3,No,6,4,No,5,6,Extrovert
3,No,4,7,No,5,6,Extrovert
1,No,6,7,No,8,,Extrovert
3,No,5,5,No,4,3,Extrovert
0,No,7,7,No,8,6,Extrovert
3,No,7,4,No,9,5,Extrovert
0,No,4,6,No,8,9,Extrovert
0,No,4,5,No,9,4,Extrovert
2,No,7,4,No,4,8,Extrovert
0,No,4,7,No,4,5,Extrovert
0,No,4,6,No,4,8,Extrovert
2,No,5,4,No,8,3,Extrovert
1,No,3,6,No,4,7,Extrovert
3,No,6,4,No,8,9,Extrovert
0,No,5,4,No,8,7,Extrovert
0,No,4,5,No,6,3,Extrovert
0,No,3,5,No,4,5,Extrovert
0,No,7,7,No,9,3,Extrovert
0,No,4,7,No,5,4,Extrovert
1,No,5,6,,5,6,Extrovert
0,No,6,4,No,9,8,Extrovert
2,No,3,4,No,8,7,Extrovert
1,No,4,6,No,6,9,Extrovert
1,No,6,5,No,9,4,Extrovert
1,No,4,5,No,6,5,Extrovert
2,No,4,7,No,4,8,Extrovert
0,No,6,5,No,5,5,Extrovert
0,No,7,4,No,7,4,Extrovert
3,No,3,5,No,4,6,Extrovert
3,No,7,5,No,,7,Extrovert
1,No,7,5,No,6,5,Extrovert
3,No,5,6,No,,9,Extrovert
2,No,5,5,No,7,6,Extrovert
3,No,3,6,No,6,5,Extrovert
0,No,4,4,No,5,5,Extrovert
2,,7,4,No,5,6,Extrovert
1,No,7,5,No,8,8,Extrovert
0,No,,4,No,7,4,Extrovert
1,No,4,4,No,9,4,Extrovert
0,No,5,4,No,5,3,Extrovert
2,No,3,5,No,,5,Extrovert
2,No,7,4,No,5,6,Extrovert
0,No,3,6,No,8,6,Extrovert
2,No,4,7,No,9,4,Extrovert
0,No,4,5,No,6,5,Extrovert
2,No,5,6,No,9,5,Extrovert
2,No,6,4,No,5,4,Extrovert
1,No,5,6,No,4,9,Extrovert
0,No,6,5,No,4,3,Extrovert
2,No,4,5,No,7,3,Extrovert
0,No,7,7,No,4,6,Extrovert
2,No,7,4,No,13,7,Extrovert
8,Yes,2,1,Yes,2,2,Introvert
6,Yes,2,0,Yes,,2,Introvert
9,Yes,0,1,Yes,3,1,Introvert
1,No,5,7,No,10,3,Extrovert
3,No,5,5,No,14,3,Extrovert
2,No,6,6,No,8,6,Extrovert
10,Yes,3,0,Yes,2,0,Introvert
6,Yes,2,0,Yes,0,2,Extrovert
5,Yes,3,0,Yes,3,1,Introvert
5,Yes,1,0,Yes,1,0,Introvert
5,Yes,3,2,Yes,3,2,Extrovert
7,Yes,0,2,Yes,2,1,Introvert
4,Yes,3,1,Yes,3,1,Introvert
1,No,9,5,No,9,8,Extrovert
8,Yes,2,1,Yes,1,1,Extrovert
5,Yes,1,1,Yes,5,2,Introvert
3,No,4,5,No,13,7,Extrovert
3,No,8,5,No,10,4,Extrovert
4,Yes,3,0,Yes,0,0,Extrovert
2,No,8,4,No,14,9,Extrovert
0,No,4,7,No,13,9,Extrovert
6,Yes,2,0,Yes,2,2,Extrovert
4,Yes,2,0,Yes,1,2,Extrovert
1,No,4,7,,12,3,Extrovert
11,Yes,3,1,Yes,0,2,Introvert
10,Yes,1,0,Yes,2,1,Introvert
6,Yes,2,0,Yes,2,0,Introvert
2,No,9,6,No,6,7,Extrovert
1,No,9,6,No,14,9,Extrovert
2,No,5,5,No,8,9,Extrovert
3,No,4,7,No,9,8,Extrovert
8,Yes,2,2,Yes,4,2,Extrovert
2,No,8,7,No,12,5,Extrovert
6,Yes,1,1,Yes,1,0,Introvert
1,No,4,4,No,11,6,Extrovert
3,No,7,7,No,9,8,Extrovert
1,No,6,7,No,12,6,Extrovert
0,No,9,4,No,6,3,Extrovert
2,No,9,4,No,9,7,Extrovert
0,No,6,6,No,11,5,Introvert
4,Yes,1,0,Yes,0,2,Introvert
5,Yes,3,2,Yes,2,1,Introvert
11,Yes,3,0,Yes,3,0,Introvert
9,Yes,0,1,Yes,3,1,Introvert
10,Yes,1,2,Yes,0,0,Introvert
4,Yes,3,0,Yes,2,,Introvert
5,Yes,1,1,Yes,4,0,Introvert
0,No,6,5,No,7,7,Extrovert
7,Yes,1,1,Yes,3,2,Introvert
6,Yes,3,2,Yes,0,2,Introvert
9,Yes,3,0,Yes,3,1,Introvert
9,Yes,1,2,Yes,0,0,Introvert
3,,6,5,No,8,6,Extrovert
3,No,6,7,No,8,4,Extrovert
2,No,6,7,No,12,6,Extrovert
4,Yes,0,2,Yes,1,0,Introvert
2,No,7,4,No,14,4,Extrovert
10,Yes,2,1,Yes,1,2,Introvert
10,Yes,3,1,Yes,0,0,Introvert
1,,4,7,No,10,7,Extrovert
3,No,6,6,No,14,3,Extrovert
2,No,6,7,No,,6,Extrovert
3,No,9,7,No,6,6,Extrovert
2,No,4,7,No,9,8,Extrovert
3,No,7,5,No,8,8,Extrovert
4,Yes,2,0,Yes,4,1,Introvert
11,Yes,1,1,Yes,1,,Introvert
6,Yes,3,0,Yes,0,0,Introvert
7,Yes,0,1,Yes,4,2,Introvert
6,Yes,0,0,Yes,3,2,Introvert
2,No,9,6,No,11,8,Extrovert
1,No,,5,No,8,8,Extrovert
11,Yes,2,2,Yes,1,0,Introvert
1,No,4,7,No,6,7,Extrovert
7,Yes,0,2,Yes,3,2,Introvert
3,No,4,7,No,6,6,Extrovert
7,Yes,1,0,Yes,5,0,Introvert
9,Yes,2,0,Yes,4,0,Introvert
4,Yes,1,0,Yes,2,0,Introvert
3,No,8,4,No,12,3,Extrovert
11,Yes,2,1,Yes,0,1,Introvert
2,No,9,5,No,8,8,Extrovert
3,No,5,7,No,11,9,Extrovert
5,Yes,2,2,Yes,1,1,Introvert
5,Yes,0,0,Yes,0,2,Introvert
1,No,8,5,No,12,4,Extrovert
6,Yes,1,0,Yes,4,1,Introvert
10,Yes,0,0,Yes,3,0,Introvert
11,Yes,3,1,Yes,5,2,Introvert
10,Yes,2,1,Yes,1,2,Introvert
2,No,9,6,No,14,4,Extrovert
2,No,9,4,No,11,4,Extrovert
5,Yes,1,0,Yes,3,1,Introvert
9,Yes,2,1,Yes,2,0,Introvert
4,Yes,3,0,Yes,3,0,Introvert
2,No,7,5,No,9,8,Extrovert
10,Yes,2,2,Yes,3,0,Introvert
1,No,7,5,No,8,3,Extrovert
3,No,6,7,No,12,4,Extrovert
8,Yes,1,0,Yes,5,2,Introvert
2,No,4,7,No,10,3,Extrovert
1,No,5,4,No,7,8,Extrovert
9,Yes,3,0,Yes,4,0,Introvert
4,Yes,3,0,Yes,4,1,Introvert
0,No,6,7,No,8,7,Extrovert
9,Yes,0,0,Yes,5,0,Introvert
10,Yes,0,1,Yes,5,1,Introvert
7,Yes,0,1,Yes,1,0,Introvert
2,No,7,4,No,10,9,Extrovert
1,No,5,5,No,10,6,Extrovert
5,Yes,3,2,Yes,1,1,Introvert
6,Yes,1,0,Yes,4,0,Introvert
7,Yes,3,2,Yes,1,0,Introvert
3,No,6,7,No,13,6,Extrovert
1,No,6,7,No,6,3,Extrovert
8,Yes,2,2,Yes,4,2,Introvert
0,No,4,7,No,7,7,Extrovert
2,No,5,6,No,12,3,Extrovert
5,Yes,3,0,Yes,1,1,Introvert
,No,9,5,No,8,3,Extrovert
10,Yes,3,1,Yes,4,1,Introvert
0,No,6,4,No,13,6,Introvert
4,Yes,0,0,Yes,0,1,Introvert
8,Yes,0,2,Yes,0,2,Introvert
11,Yes,3,1,Yes,0,2,Introvert
,Yes,3,2,Yes,5,0,Introvert
3,No,4,6,No,12,3,Extrovert
2,No,4,5,No,6,,Extrovert
1,No,7,7,No,14,8,Extrovert
8,Yes,2,2,Yes,0,0,Introvert
4,Yes,2,0,Yes,3,1,Introvert
2,No,7,6,No,10,7,Extrovert
2,No,7,4,No,9,5,Introvert
8,Yes,3,0,Yes,0,2,Introvert
8,Yes,0,1,Yes,1,2,Introvert
9,Yes,2,1,Yes,4,2,Introvert
2,No,8,6,No,7,9,Extrovert
3,No,4,5,No,6,7,Extrovert
9,Yes,2,1,Yes,4,1,Introvert
4,Yes,1,2,Yes,1,1,Introvert
8,Yes,0,0,Yes,5,2,Introvert
11,Yes,3,0,Yes,0,1,Introvert
3,No,4,6,No,12,3,Extrovert
8,Yes,3,1,Yes,3,2,Introvert
6,Yes,0,1,Yes,2,1,Extrovert
5,Yes,2,2,Yes,5,2,Introvert
0,No,8,5,No,9,6,Extrovert
11,Yes,0,2,Yes,0,2,Introvert
4,Yes,2,0,Yes,3,1,Introvert
0,No,7,4,No,14,,Introvert
1,No,8,5,No,10,8,Extrovert
8,Yes,2,0,Yes,3,2,Introvert
6,Yes,3,0,Yes,1,2,Introvert
4,Yes,0,1,Yes,0,0,Introvert
9,Yes,1,2,Yes,0,2,Introvert
7,Yes,1,1,Yes,3,0,Introvert
3,No,5,7,No,9,4,Extrovert
11,Yes,1,1,Yes,3,0,Extrovert
4,Yes,3,2,Yes,5,2,Introvert
4,Yes,0,0,Yes,4,0,Introvert
3,No,8,4,No,8,7,Extrovert
9,Yes,1,2,Yes,4,2,Introvert
0,No,,5,No,13,8,Extrovert
1,No,6,4,No,10,9,Extrovert
11,Yes,0,1,Yes,0,1,Introvert
11,Yes,2,0,Yes,2,0,Introvert
1,No,4,5,No,6,7,Introvert
4,Yes,1,0,Yes,2,2,Extrovert
4,,0,2,Yes,5,0,Introvert
0,No,8,5,No,8,7,Extrovert
2,No,8,4,No,10,4,Introvert
5,Yes,2,0,Yes,4,1,Introvert
0,No,9,4,No,8,7,Extrovert
0,No,7,5,No,6,3,Extrovert
11,Yes,3,1,Yes,,2,Introvert
11,Yes,2,1,Yes,1,1,Introvert
9,Yes,1,2,Yes,2,1,Introvert
7,Yes,0,1,Yes,3,0,Introvert
9,Yes,1,2,Yes,0,0,Introvert
3,No,8,4,No,7,5,Extrovert
2,No,9,7,No,7,8,Extrovert
1,No,5,5,No,8,9,Introvert
5,Yes,3,0,Yes,5,0,Introvert
11,Yes,2,1,Yes,1,2,Introvert
4,Yes,0,0,Yes,3,1,Introvert
3,No,4,5,No,6,6,Extrovert
7,Yes,3,0,Yes,,1,Introvert
8,Yes,1,0,Yes,5,2,Introvert
6,Yes,3,2,Yes,2,2,Introvert
4,Yes,2,2,Yes,2,1,Introvert
11,Yes,3,0,Yes,2,2,Introvert
6,Yes,0,1,Yes,4,1,Introvert
2,No,6,4,No,10,4,Extrovert
7,Yes,1,0,Yes,5,0,Introvert
1,No,4,4,No,14,6,Extrovert
1,No,9,5,No,6,8,Extrovert
5,Yes,0,2,Yes,0,1,Introvert
0,No,4,5,No,13,8,Extrovert
2,No,8,4,No,9,3,Extrovert
3,No,4,6,No,9,9,Extrovert
2,No,9,5,No,12,8,Extrovert
3,No,5,4,No,13,5,Extrovert
10,Yes,2,2,Yes,5,2,Introvert
10,Yes,3,,Yes,1,1,Introvert
9,Yes,2,2,Yes,0,2,Introvert
8,Yes,3,1,Yes,0,0,Introvert
10,Yes,1,1,Yes,5,0,Introvert
4,Yes,0,0,Yes,3,1,Introvert
2,No,4,4,No,7,9,Extrovert
7,Yes,2,1,Yes,1,2,Introvert
3,No,4,7,,8,4,Extrovert
4,Yes,0,1,Yes,3,1,Introvert
11,Yes,1,2,Yes,2,,Introvert
1,No,8,4,No,6,7,Extrovert
1,No,8,5,No,11,9,Extrovert
3,No,7,5,No,13,9,Extrovert
0,No,6,6,No,13,7,Extrovert
7,Yes,3,2,Yes,5,1,Introvert
7,Yes,3,2,Yes,3,2,Introvert
1,No,9,4,No,13,8,Extrovert
2,No,9,4,No,7,9,Extrovert
6,Yes,3,1,Yes,2,0,Introvert
3,No,8,5,No,11,6,Extrovert
6,Yes,3,0,Yes,3,0,Introvert
3,No,4,5,No,11,7,Extrovert
9,Yes,2,2,Yes,3,0,Introvert
2,No,6,4,No,11,4,Extrovert
11,Yes,1,0,Yes,1,1,Introvert
0,No,5,7,No,6,9,Extrovert
8,Yes,0,0,Yes,0,2,Extrovert
10,Yes,3,1,Yes,2,1,Introvert
2,No,4,4,No,7,8,Extrovert
0,No,6,4,No,7,6,Extrovert
6,Yes,2,0,Yes,5,0,Introvert
11,Yes,2,0,Yes,4,1,Introvert
3,No,9,6,No,,7,Extrovert
8,Yes,2,2,Yes,5,1,Introvert
1,No,7,4,No,14,4,Extrovert
3,No,9,7,No,8,7,Extrovert
9,Yes,0,2,Yes,0,0,Introvert
0,No,4,6,No,12,4,Extrovert
9,Yes,0,2,Yes,2,1,Introvert
1,No,6,6,No,8,4,Extrovert
11,Yes,3,2,Yes,4,0,Introvert
3,No,9,6,No,9,7,Extrovert
9,Yes,0,0,Yes,4,0,Introvert
6,Yes,2,,Yes,5,1,Extrovert
1,No,5,4,No,6,8,Extrovert
9,Yes,0,2,Yes,3,0,Introvert
11,Yes,3,2,Yes,4,0,Introvert
0,No,7,7,No,7,5,Extrovert
10,Yes,2,2,Yes,3,1,Introvert
6,Yes,2,0,Yes,3,2,Introvert
1,No,5,7,No,11,8,Extrovert
3,No,5,5,No,13,8,Extrovert
5,Yes,0,0,Yes,3,2,Introvert
7,Yes,3,0,Yes,4,2,Introvert
5,Yes,0,2,Yes,1,0,Introvert
1,No,6,4,No,13,3,Extrovert
1,No,6,6,No,6,8,Extrovert
0,No,8,5,No,9,8,Extrovert
10,Yes,0,0,Yes,5,2,Introvert
6,Yes,3,2,Yes,4,2,Introvert
0,No,8,4,No,9,3,Extrovert
0,No,5,4,No,8,9,Extrovert
3,No,4,5,No,11,4,Extrovert
2,No,5,6,No,7,5,Extrovert
0,No,6,6,No,8,8,Extrovert
11,Yes,0,2,Yes,3,1,Introvert
0,No,4,,No,11,4,Extrovert
7,Yes,1,0,Yes,0,2,Introvert
0,No,7,4,No,6,6,Extrovert
1,No,9,7,No,13,3,Extrovert
10,Yes,0,,Yes,5,2,Introvert
6,Yes,2,2,Yes,5,1,Introvert
8,Yes,0,0,Yes,4,1,Introvert
3,No,6,5,No,6,8,Extrovert
6,Yes,2,1,Yes,1,1,Introvert
3,No,4,5,No,11,5,Extrovert
2,No,7,4,No,13,7,Extrovert
10,Yes,2,2,Yes,1,1,Introvert
2,No,9,5,No,6,9,Extrovert
,Yes,3,1,Yes,4,0,Introvert
4,Yes,2,2,Yes,2,2,Introvert
0,No,9,4,No,10,5,Extrovert
2,No,4,7,No,13,4,Extrovert
6,Yes,3,1,Yes,5,2,Introvert
11,Yes,3,0,Yes,5,0,Introvert
9,Yes,2,2,Yes,1,2,Extrovert
5,Yes,2,0,Yes,4,2,Introvert
3,No,8,6,No,9,7,Extrovert
3,No,5,5,No,6,9,Extrovert
8,Yes,3,2,Yes,1,2,Introvert
,No,6,6,No,12,6,Extrovert
3,No,,4,No,11,8,Extrovert
4,Yes,1,0,Yes,3,2,Introvert
7,Yes,1,1,Yes,3,0,Introvert
5,,1,2,Yes,5,2,Introvert
3,No,4,5,No,8,3,Extrovert
1,No,4,7,No,7,7,Extrovert
4,Yes,2,0,Yes,5,1,Introvert
2,No,9,7,No,7,9,Extrovert
0,No,6,5,No,7,7,Extrovert
5,Yes,3,0,Yes,5,1,Introvert
4,Yes,0,0,Yes,5,1,Introvert
7,Yes,2,0,Yes,1,1,Introvert
0,No,6,4,No,11,5,Extrovert
3,No,5,7,No,14,7,Extrovert
2,No,5,4,No,6,4,Extrovert
0,No,7,5,No,7,6,Extrovert
9,Yes,2,0,Yes,2,0,Introvert
7,Yes,2,1,Yes,4,0,Introvert
,Yes,3,2,Yes,3,0,Introvert
2,No,6,5,No,7,9,Extrovert
2,No,9,5,No,10,3,Extrovert
5,Yes,3,2,Yes,3,2,Introvert
2,No,7,6,No,6,8,Extrovert
6,Yes,0,2,Yes,1,0,Introvert
1,No,5,4,No,14,3,Extrovert
3,No,4,4,No,14,7,Introvert
2,No,5,4,No,12,5,Extrovert
2,No,5,4,No,8,8,Extrovert
1,No,5,7,No,8,7,Extrovert
7,Yes,2,2,Yes,0,0,Introvert
0,No,5,4,No,12,3,Extrovert
10,Yes,3,1,Yes,2,2,Introvert
0,No,4,6,No,10,8,Extrovert
3,No,9,7,No,14,4,Extrovert
0,No,7,6,No,14,7,Extrovert
1,,5,7,No,12,3,Extrovert
10,Yes,1,0,Yes,5,1,Introvert
2,No,9,6,No,10,9,Extrovert
4,Yes,2,1,Yes,2,2,Introvert
0,No,5,,No,9,9,Extrovert
2,No,5,6,No,12,3,Extrovert
9,Yes,2,2,Yes,3,0,Introvert
1,No,6,4,No,13,4,Extrovert
10,Yes,2,2,Yes,0,0,Introvert
9,Yes,0,0,Yes,1,0,Introvert
3,No,8,5,No,7,9,Extrovert
6,Yes,1,1,Yes,5,2,Introvert
10,Yes,0,0,Yes,1,2,Introvert
6,Yes,2,1,Yes,3,0,Introvert
9,Yes,0,0,Yes,5,0,Introvert
3,No,4,7,No,13,6,Extrovert
2,No,4,5,No,14,9,Extrovert
10,Yes,3,0,Yes,0,1,Introvert
0,No,6,4,No,13,8,Extrovert
5,Yes,3,1,Yes,5,0,Introvert
0,No,4,4,No,14,9,Extrovert
4,Yes,0,2,Yes,1,0,Introvert
0,No,8,6,No,11,9,Extrovert
11,Yes,2,1,Yes,2,1,Introvert
0,No,5,4,No,12,6,Extrovert
7,Yes,2,0,Yes,5,0,Introvert
2,No,8,5,No,7,3,Extrovert
5,Yes,0,0,Yes,1,2,Introvert
11,Yes,1,0,Yes,4,1,Introvert
10,Yes,2,0,Yes,0,2,Introvert
3,No,5,4,No,8,4,Extrovert
5,Yes,1,0,Yes,2,2,Introvert
1,No,,7,No,14,3,Extrovert
7,Yes,1,0,Yes,1,2,Introvert
4,Yes,3,2,Yes,2,0,Introvert
0,No,6,4,,7,6,Extrovert
5,Yes,0,2,Yes,0,0,Introvert
2,No,6,5,No,13,6,Extrovert
10,Yes,1,2,,4,1,Introvert
1,No,,4,No,10,7,Extrovert
4,Yes,1,0,Yes,5,0,Introvert
2,No,5,6,No,13,4,Extrovert
3,No,6,4,No,6,8,Extrovert
3,No,6,7,No,13,6,Extrovert
4,Yes,2,2,Yes,0,0,Introvert
6,Yes,0,0,Yes,4,1,Introvert
,No,6,5,No,12,7,Extrovert
6,Yes,0,1,Yes,0,2,Introvert
10,Yes,2,1,Yes,1,2,Introvert
0,No,9,6,No,7,6,Extrovert
1,No,9,4,No,12,4,Extrovert
11,Yes,0,1,Yes,2,0,Introvert
4,Yes,0,2,Yes,1,0,Introvert
6,Yes,3,1,Yes,2,1,Introvert
10,Yes,1,0,Yes,1,2,Introvert
7,Yes,3,2,Yes,5,0,Introvert
8,,1,1,Yes,3,2,Introvert
11,Yes,0,1,Yes,0,1,Introvert
1,No,4,5,No,13,5,Extrovert
1,No,5,5,No,9,5,Extrovert
2,No,7,4,No,12,7,Introvert
2,No,4,5,No,8,5,Extrovert
5,Yes,2,1,Yes,1,1,Introvert
5,Yes,0,0,Yes,2,0,Introvert
4,Yes,2,2,Yes,4,0,Introvert
6,Yes,3,1,Yes,5,1,Introvert
6,Yes,2,2,Yes,0,1,Introvert
3,No,7,4,No,10,9,Introvert
3,No,8,6,No,9,8,Extrovert
6,Yes,0,0,Yes,2,2,Introvert
4,Yes,1,1,Yes,1,0,Introvert
6,Yes,3,0,Yes,0,1,Introvert
10,Yes,3,2,Yes,3,1,Extrovert
0,No,4,4,No,10,9,Extrovert
2,No,9,5,No,9,9,Extrovert
6,Yes,0,0,Yes,3,1,Introvert
6,Yes,3,1,Yes,0,1,Introvert
9,Yes,2,0,Yes,5,0,Introvert
1,No,4,7,No,11,8,Extrovert
8,Yes,0,1,Yes,2,0,Introvert
0,No,8,5,No,7,8,Extrovert
2,No,9,7,No,14,3,Extrovert
3,No,9,4,No,13,5,Extrovert
9,Yes,2,0,Yes,0,0,Introvert
9,Yes,3,2,Yes,5,1,Introvert
7,Yes,3,0,Yes,1,1,Introvert
7,Yes,0,1,Yes,0,0,Extrovert
4,Yes,0,1,Yes,0,0,Introvert
3,No,5,,No,12,4,Extrovert
,Yes,2,1,Yes,5,1,Introvert
5,Yes,2,1,Yes,1,2,Introvert
3,No,4,7,No,8,5,Extrovert
9,Yes,0,1,Yes,0,2,Introvert
2,No,4,5,No,13,4,Extrovert
7,Yes,1,1,Yes,2,2,Introvert
10,Yes,2,1,Yes,1,1,Introvert
1,No,6,6,No,14,6,Extrovert
5,Yes,1,2,Yes,1,1,Introvert
3,No,7,4,No,14,7,Extrovert
2,No,5,6,No,12,8,Extrovert
7,Yes,0,0,Yes,4,2,Introvert
11,Yes,2,1,Yes,5,1,Introvert
6,Yes,1,0,Yes,0,2,Introvert
2,No,7,5,No,8,5,Extrovert
8,Yes,0,1,Yes,0,2,Introvert
7,Yes,0,1,Yes,4,2,Introvert
5,Yes,0,0,Yes,3,1,Introvert
3,No,7,7,No,7,3,Extrovert
6,Yes,3,0,Yes,3,1,Introvert
0,No,5,7,No,9,4,Extrovert
2,No,5,7,No,11,9,Extrovert
1,No,6,6,No,11,7,Extrovert
3,No,6,4,No,7,,Extrovert
2,No,4,6,No,13,6,Extrovert
3,,9,6,No,7,9,Extrovert
0,No,8,5,No,14,8,Extrovert
1,No,7,4,No,13,9,Extrovert
4,Yes,3,1,Yes,5,0,Introvert
2,No,4,4,No,7,5,Extrovert
8,Yes,0,2,Yes,0,0,Introvert
2,No,6,5,No,8,8,Extrovert
1,No,5,4,No,14,3,Introvert
8,Yes,3,2,Yes,3,0,Introvert
4,Yes,3,1,Yes,3,0,Introvert
6,Yes,0,2,Yes,4,0,Introvert
0,No,4,7,No,13,6,Extrovert
2,No,9,7,No,9,4,Extrovert
9,Yes,1,0,Yes,4,1,Introvert
0,No,4,6,No,8,8,Extrovert
8,Yes,0,2,Yes,4,0,Introvert
4,Yes,2,1,Yes,3,1,Introvert
7,Yes,0,1,Yes,2,2,Introvert
9,Yes,1,0,Yes,1,0,Introvert
4,Yes,2,2,Yes,2,1,Introvert
10,Yes,3,1,Yes,3,2,Introvert
11,Yes,1,0,Yes,3,1,Introvert
5,Yes,3,2,Yes,1,0,Introvert
0,No,8,7,No,11,7,Extrovert
2,No,9,6,No,7,3,Extrovert
10,Yes,2,1,Yes,2,1,Introvert
9,Yes,1,1,Yes,0,1,Introvert
11,Yes,2,0,Yes,3,2,Extrovert
11,Yes,0,1,Yes,3,0,Extrovert
4,Yes,2,2,Yes,5,0,Extrovert
11,Yes,0,0,Yes,1,1,Introvert
3,No,5,5,No,11,9,Extrovert
0,No,4,4,No,14,7,Extrovert
0,No,8,4,No,14,5,Extrovert
3,No,5,4,No,11,8,Extrovert
3,No,9,,No,11,4,Extrovert
5,Yes,0,0,Yes,2,0,Introvert
6,Yes,0,1,Yes,5,2,Introvert
4,Yes,0,2,Yes,0,1,Extrovert
2,No,8,6,No,14,3,Introvert
0,No,4,6,No,11,4,Extrovert
2,No,6,7,No,7,8,Extrovert
4,Yes,2,0,Yes,1,1,Extrovert
1,No,7,4,No,14,6,Extrovert
8,Yes,1,0,Yes,3,2,Extrovert
2,No,9,5,No,7,6,Extrovert
6,Yes,2,0,Yes,4,2,Introvert
6,Yes,2,2,Yes,4,2,Introvert
4,Yes,3,2,Yes,2,2,Extrovert
7,,0,0,Yes,5,2,Introvert
5,Yes,1,0,Yes,3,0,Introvert
3,No,9,6,No,8,4,Extrovert
7,Yes,1,1,Yes,1,0,Introvert
8,Yes,3,1,Yes,0,1,Introvert
6,Yes,2,2,Yes,3,1,Introvert
10,Yes,0,2,Yes,0,1,Introvert
0,No,5,7,No,9,6,Extrovert
7,Yes,1,2,Yes,5,0,Introvert
7,Yes,3,0,Yes,1,2,Introvert
2,No,8,6,No,11,8,Extrovert
8,Yes,1,0,Yes,1,0,Introvert
2,No,5,7,No,14,7,Extrovert
5,Yes,3,0,,1,2,Introvert
8,Yes,3,1,Yes,2,2,Introvert
5,Yes,0,1,Yes,,1,Introvert
4,Yes,2,1,Yes,4,2,Introvert
4,Yes,2,1,Yes,0,2,Introvert
8,Yes,,1,Yes,4,2,Introvert
2,No,7,6,No,14,8,Introvert
8,Yes,0,0,Yes,5,0,Introvert
1,No,6,6,No,10,4,Extrovert
2,No,5,5,No,12,3,Extrovert
4,Yes,2,2,Yes,3,1,Introvert
6,Yes,3,1,Yes,5,1,Introvert
11,Yes,2,0,Yes,5,0,Introvert
4,Yes,3,2,Yes,0,0,Introvert
2,No,9,4,No,12,6,Extrovert
8,Yes,0,1,Yes,3,0,Introvert
3,No,6,7,No,10,8,Extrovert
3,No,5,6,No,11,6,Extrovert
0,No,5,6,No,11,8,Extrovert
1,No,7,5,No,11,3,Extrovert
2,No,5,6,No,9,8,Introvert
7,Yes,1,0,Yes,4,0,Introvert
10,Yes,2,0,Yes,1,1,Introvert
9,,0,2,Yes,3,0,Introvert
11,Yes,3,2,Yes,5,0,Introvert
2,No,7,6,No,13,8,Extrovert
0,No,7,7,No,13,6,Introvert
4,Yes,0,1,Yes,4,1,Introvert
1,No,5,7,No,12,3,Extrovert
0,No,7,5,No,9,4,Extrovert
8,Yes,1,0,Yes,1,0,Introvert
1,No,4,4,No,7,5,Extrovert
0,No,4,4,No,8,6,Extrovert
9,Yes,2,1,Yes,3,1,Introvert
2,No,9,6,No,11,5,Extrovert
2,No,9,7,No,10,6,Extrovert
5,Yes,3,2,Yes,0,1,Introvert
9,Yes,1,0,Yes,2,1,Introvert
11,Yes,1,1,Yes,5,1,Introvert
2,No,7,5,No,14,9,Extrovert
0,No,6,5,No,7,5,Extrovert
5,Yes,1,1,Yes,1,0,Introvert
,No,4,4,No,11,3,Introvert
7,Yes,2,1,Yes,0,,Introvert
3,No,9,5,No,9,5,Introvert
2,No,4,5,No,14,7,Introvert
8,Yes,1,0,Yes,1,0,Introvert
2,No,7,4,No,9,4,Extrovert
0,No,7,6,No,11,7,Extrovert
2,No,9,5,No,12,5,Extrovert
10,Yes,2,0,Yes,2,1,Introvert
1,No,4,5,No,7,7,Extrovert
2,No,4,6,No,8,3,Extrovert
6,Yes,0,0,Yes,3,1,Introvert
9,Yes,2,2,Yes,3,0,Introvert
7,Yes,3,2,Yes,0,0,Introvert
10,Yes,3,0,Yes,3,1,Introvert
10,Yes,1,2,Yes,4,2,Introvert
1,No,8,6,No,12,5,Extrovert
3,No,9,5,No,12,7,Extrovert
8,Yes,1,0,Yes,5,2,Introvert
1,No,9,6,No,10,8,Extrovert
1,No,8,5,No,12,4,Extrovert
3,No,8,4,No,10,4,Extrovert
1,No,8,4,No,10,4,Extrovert
8,Yes,0,0,Yes,2,0,Introvert
3,No,,6,No,10,6,Extrovert
3,No,8,5,No,9,4,Extrovert
7,Yes,3,1,Yes,2,0,Introvert
0,No,7,4,No,11,4,Extrovert
8,Yes,1,0,Yes,0,0,Introvert
11,Yes,0,0,Yes,0,0,Extrovert
5,Yes,3,0,Yes,0,1,Introvert
1,No,5,7,No,13,7,Extrovert
7,Yes,2,2,Yes,1,2,Introvert
1,No,4,6,No,6,6,Extrovert
2,No,8,6,No,10,6,Extrovert
4,Yes,2,0,Yes,4,0,Introvert
2,No,6,4,No,8,5,Introvert
11,Yes,0,0,Yes,3,0,Introvert
11,Yes,1,2,Yes,5,2,Introvert
3,No,6,6,No,8,6,Extrovert
6,Yes,2,1,Yes,,0,Introvert
9,Yes,1,1,Yes,5,2,Introvert
3,No,7,4,No,13,3,Extrovert
4,Yes,1,2,Yes,1,2,Introvert
4,Yes,3,1,Yes,3,1,Introvert
0,No,4,4,No,12,8,Extrovert
10,Yes,1,1,Yes,4,2,Introvert
3,No,5,5,No,10,9,Extrovert
3,No,7,5,No,6,4,Extrovert
10,Yes,0,0,Yes,2,1,Introvert
7,Yes,1,0,Yes,1,1,Introvert
3,No,9,7,No,10,6,Extrovert
11,Yes,2,1,Yes,0,0,Introvert
2,No,5,7,No,12,9,Extrovert
4,Yes,3,0,Yes,1,0,Introvert
0,No,9,4,No,13,8,Introvert
3,No,,6,No,12,6,Extrovert
3,No,6,7,No,11,,Extrovert
6,Yes,0,1,Yes,3,0,Introvert
0,No,5,5,No,10,9,Extrovert
7,Yes,2,1,Yes,2,2,Introvert
11,Yes,3,0,Yes,5,2,Introvert
0,No,8,4,No,13,5,Extrovert
10,Yes,1,2,Yes,4,1,Introvert
2,No,7,6,No,14,7,Extrovert
10,Yes,3,1,Yes,1,0,Introvert
7,Yes,0,2,Yes,0,2,Introvert
11,Yes,3,1,Yes,1,2,Introvert
0,No,5,4,No,12,5,Extrovert
6,Yes,1,0,Yes,,0,Introvert
,No,7,5,,11,6,Extrovert
4,Yes,1,1,Yes,0,1,Introvert
8,Yes,0,2,Yes,2,2,Introvert
10,Yes,1,2,Yes,4,1,Introvert
7,Yes,2,0,Yes,3,1,Introvert
11,Yes,1,2,Yes,1,0,Introvert
9,Yes,0,1,Yes,4,1,Introvert
1,No,9,,No,14,7,Extrovert
7,Yes,0,2,Yes,3,0,Introvert
9,Yes,2,0,Yes,1,2,Introvert
7,Yes,3,1,Yes,1,1,Introvert
1,No,6,6,No,8,3,Extrovert
2,No,9,6,No,11,7,Extrovert
7,Yes,1,1,Yes,5,0,Introvert
10,Yes,3,2,Yes,4,1,Introvert
10,Yes,0,2,Yes,0,1,Introvert
10,Yes,3,0,Yes,2,2,Introvert
10,Yes,2,0,Yes,3,1,Introvert
8,Yes,0,0,Yes,5,2,Introvert
6,Yes,2,1,Yes,5,2,Introvert
10,Yes,0,1,Yes,4,0,Introvert
7,Yes,0,1,Yes,1,2,Introvert
0,No,6,4,No,11,7,Extrovert
1,No,4,6,No,8,7,Introvert
2,No,5,6,No,8,7,Extrovert
8,Yes,3,0,Yes,3,0,Introvert
0,No,5,7,No,10,6,Extrovert
9,Yes,1,1,Yes,1,2,Introvert
0,No,4,7,No,11,3,Extrovert
1,No,9,7,No,14,9,Extrovert
7,Yes,3,0,Yes,3,0,Extrovert
9,,3,1,Yes,5,1,Introvert
7,Yes,2,2,Yes,3,1,Introvert
11,Yes,1,1,Yes,1,0,Introvert
0,No,9,7,No,14,7,Extrovert
7,Yes,3,2,Yes,3,1,Introvert
1,No,6,4,No,10,6,Extrovert
5,Yes,0,2,Yes,5,2,Introvert
10,,1,2,Yes,3,2,Introvert
3,No,8,5,No,13,8,Extrovert
4,Yes,0,1,Yes,4,1,Introvert
8,Yes,2,2,Yes,1,0,Introvert
3,No,4,6,No,8,3,Extrovert
8,Yes,3,0,Yes,4,0,Introvert
0,No,5,4,No,9,9,Extrovert
5,Yes,0,2,Yes,5,2,Introvert
0,No,4,7,No,7,6,Extrovert
1,No,6,4,No,12,8,Extrovert
0,No,4,5,No,11,8,Extrovert
9,Yes,1,0,Yes,1,0,Introvert
8,Yes,1,1,Yes,0,1,Introvert
5,Yes,1,2,Yes,4,2,Introvert
9,Yes,3,2,Yes,5,2,Introvert
1,No,6,7,No,8,9,Extrovert
0,No,8,7,No,9,8,Extrovert
7,Yes,1,2,Yes,4,2,Introvert
1,No,7,7,No,14,4,Extrovert
3,No,5,4,No,7,3,Extrovert
3,No,9,6,No,13,6,Extrovert
0,No,5,7,No,8,8,Extrovert
10,Yes,3,2,Yes,0,2,Introvert
5,Yes,2,,Yes,4,,Introvert
2,No,7,5,No,13,6,Extrovert
7,Yes,0,0,Yes,4,2,Introvert
4,Yes,2,2,Yes,5,1,Introvert
5,Yes,3,1,Yes,3,1,Introvert
10,Yes,3,2,Yes,4,2,Introvert
6,Yes,1,2,Yes,5,0,Introvert
3,No,4,6,No,13,7,Extrovert
11,Yes,3,2,Yes,4,1,Introvert
9,Yes,1,1,Yes,2,0,Introvert
3,No,6,5,No,12,3,Extrovert
2,No,8,6,No,10,7,Extrovert
9,Yes,0,1,Yes,3,1,Introvert
1,No,6,6,No,10,3,Extrovert
2,No,4,7,No,14,6,Extrovert
1,No,5,5,No,10,5,Extrovert
0,No,7,4,No,14,6,Extrovert
1,No,5,5,No,8,6,Extrovert
,No,4,6,No,7,9,Extrovert
7,Yes,3,0,Yes,4,1,Introvert
9,Yes,2,1,Yes,1,0,Introvert
3,No,5,5,No,6,7,Extrovert
2,No,7,5,No,14,5,Introvert
2,No,5,5,No,14,9,Extrovert
11,Yes,3,1,Yes,0,0,Introvert
7,Yes,2,1,Yes,2,2,Introvert
4,Yes,3,0,Yes,1,1,Introvert
2,No,7,6,No,12,8,Introvert
0,No,7,7,No,6,9,Extrovert
10,Yes,3,2,Yes,2,1,Introvert
4,Yes,2,1,Yes,4,2,Introvert
0,No,8,4,No,9,8,Extrovert
3,No,7,4,No,12,3,Extrovert
2,No,7,4,No,7,5,Extrovert
4,Yes,1,2,Yes,2,2,Introvert
6,Yes,2,1,Yes,5,1,Introvert
9,Yes,3,0,Yes,5,2,Introvert
6,Yes,1,2,Yes,5,2,Introvert
7,Yes,0,0,Yes,5,1,Introvert
9,Yes,2,1,Yes,0,2,Introvert
9,Yes,2,2,Yes,1,2,Introvert
,Yes,3,0,Yes,5,2,Introvert
0,No,6,7,No,12,3,Extrovert
3,No,6,6,No,9,8,Extrovert
3,No,9,4,No,9,3,Extrovert
1,No,4,7,No,6,6,Extrovert
0,No,9,6,No,10,5,Extrovert
0,No,6,5,No,14,6,Extrovert
6,Yes,3,1,Yes,0,0,Introvert
9,Yes,1,0,Yes,4,1,Introvert
0,No,9,7,No,8,5,Extrovert
11,Yes,1,1,Yes,4,2,Introvert
0,No,8,7,No,9,7,Extrovert
2,No,7,4,No,10,7,Extrovert
4,Yes,0,0,Yes,3,2,Introvert
0,No,5,7,No,6,7,Extrovert
2,No,7,5,No,14,5,Extrovert
,Yes,3,0,Yes,5,0,Introvert
6,Yes,1,0,Yes,4,2,Extrovert
7,Yes,2,2,Yes,3,1,Introvert
7,Yes,0,2,Yes,5,1,Introvert
3,No,5,6,No,12,3,Extrovert
0,No,9,5,No,11,3,Extrovert
5,Yes,0,0,Yes,3,1,Introvert
1,No,6,7,No,8,6,Introvert
5,Yes,0,0,Yes,4,0,Introvert
0,No,6,7,No,8,7,Extrovert
3,No,4,4,No,11,3,Extrovert
1,No,4,5,No,13,5,Extrovert
7,Yes,3,0,Yes,1,2,Introvert
8,Yes,,0,Yes,5,1,Introvert
6,Yes,1,1,Yes,0,0,Introvert
3,No,8,4,No,14,3,Extrovert
11,Yes,0,2,Yes,2,2,Introvert
10,Yes,0,2,Yes,4,2,Introvert
1,No,6,6,No,6,6,Extrovert
2,No,7,7,No,13,7,Extrovert
8,Yes,0,0,Yes,0,0,Introvert
5,Yes,2,1,Yes,4,0,Introvert
6,Yes,1,2,Yes,5,0,Extrovert
10,Yes,2,0,Yes,3,1,Introvert
1,No,5,7,No,6,9,Extrovert
3,No,5,4,No,8,9,Extrovert
3,No,7,4,No,6,6,Extrovert
5,Yes,2,2,Yes,0,2,Introvert
5,Yes,2,0,Yes,0,1,Introvert
1,No,6,6,No,7,5,Extrovert
9,Yes,0,0,Yes,3,2,Introvert
3,No,9,6,No,10,4,Extrovert
8,Yes,1,2,Yes,5,1,Introvert
0,No,4,5,No,8,5,Introvert
0,No,8,6,No,10,7,Extrovert
9,Yes,0,2,Yes,0,2,Introvert
11,Yes,0,1,Yes,3,0,Extrovert
1,No,6,5,No,9,5,Extrovert
0,No,4,4,No,11,4,Extrovert
9,Yes,3,1,Yes,2,2,Introvert
3,No,7,6,No,14,9,Extrovert
2,No,6,7,No,14,8,Extrovert
7,Yes,3,0,Yes,1,0,Introvert
10,Yes,3,0,Yes,0,0,Introvert
2,No,7,6,No,7,6,Extrovert
6,Yes,2,2,Yes,2,1,Introvert
2,No,4,4,No,11,7,Extrovert
11,Yes,1,1,Yes,0,2,Introvert
7,Yes,,0,Yes,1,0,Introvert
1,No,6,6,No,9,4,Introvert
2,No,9,5,No,8,4,Extrovert
9,Yes,2,0,Yes,4,1,Introvert
1,No,8,5,No,10,4,Extrovert
7,Yes,0,2,Yes,5,1,Extrovert
3,No,4,4,No,9,3,Extrovert
8,Yes,3,1,Yes,3,0,Introvert
0,No,4,4,No,7,7,Introvert
1,No,8,6,No,12,5,Extrovert
6,Yes,1,1,Yes,4,2,Introvert
1,No,4,4,No,10,6,Extrovert
6,Yes,2,2,Yes,0,2,Extrovert
3,No,8,6,No,7,5,Extrovert
7,Yes,2,0,Yes,0,2,Introvert
3,No,5,7,No,11,3,Introvert
11,Yes,1,2,Yes,4,2,Introvert
8,Yes,3,0,Yes,0,0,Introvert
3,No,9,6,No,10,4,Extrovert
2,No,9,4,No,11,7,Extrovert
9,Yes,2,2,Yes,3,0,Introvert
4,Yes,3,0,Yes,5,1,Introvert
7,Yes,1,0,Yes,2,2,Introvert
5,Yes,3,1,Yes,1,1,Extrovert
2,No,4,5,No,13,9,Extrovert
10,Yes,2,2,Yes,0,2,Introvert
5,Yes,0,2,Yes,4,1,Introvert
6,Yes,1,2,Yes,3,2,Extrovert
8,Yes,2,2,Yes,0,0,Introvert
0,No,4,4,No,6,5,Extrovert
2,No,9,6,No,10,7,Extrovert
10,Yes,1,0,Yes,1,1,Introvert
,No,9,6,No,8,8,Extrovert
5,Yes,1,1,Yes,4,1,Introvert
0,No,6,7,No,14,8,Extrovert
2,No,6,6,No,7,4,Extrovert
0,No,9,6,No,8,3,Extrovert
7,Yes,0,,Yes,0,2,Introvert
0,No,8,7,No,13,7,Extrovert
3,No,4,6,No,6,6,Extrovert
2,No,5,6,No,13,9,Extrovert
4,Yes,1,1,Yes,5,1,Introvert
10,Yes,1,2,Yes,2,2,Introvert
9,Yes,3,0,Yes,4,1,Introvert
0,No,8,6,No,11,4,Extrovert
3,No,4,6,No,7,4,Extrovert
3,No,9,7,No,7,4,Extrovert
5,Yes,0,2,Yes,3,1,Introvert
10,Yes,2,2,Yes,5,1,Introvert
10,Yes,2,1,Yes,4,2,Introvert
0,No,4,4,No,14,8,Extrovert
8,Yes,0,0,Yes,2,0,Introvert
2,No,4,4,No,11,9,Extrovert
4,Yes,2,2,Yes,5,1,Introvert
5,Yes,3,1,Yes,3,1,Introvert
1,No,5,7,No,9,7,Extrovert
11,Yes,2,1,Yes,5,2,Introvert
3,No,8,6,No,12,4,Extrovert
3,No,9,5,No,7,4,Extrovert
2,No,6,4,No,6,9,Extrovert
0,No,4,5,No,7,8,Introvert
1,No,4,6,No,13,4,Extrovert
11,Yes,0,1,Yes,4,0,Introvert
11,Yes,0,2,Yes,0,0,Introvert
2,No,6,4,No,7,6,Extrovert
3,No,,5,No,8,7,Extrovert
2,No,4,5,No,13,6,Extrovert
6,Yes,0,0,Yes,1,2,Introvert
5,,0,0,Yes,3,2,Introvert
0,No,5,6,No,12,7,Extrovert
0,No,6,4,No,10,3,Extrovert
3,No,7,6,No,6,6,Extrovert
2,No,4,5,No,14,7,Extrovert
7,Yes,2,2,Yes,3,0,Introvert
5,Yes,0,0,Yes,5,2,Introvert
3,No,4,6,No,7,8,Extrovert
2,No,7,4,No,12,3,Extrovert
8,Yes,1,0,Yes,4,2,Introvert
1,No,4,4,No,11,5,Extrovert
1,No,9,4,No,9,7,Extrovert
10,Yes,0,0,Yes,,0,Introvert
3,No,7,5,No,8,6,Extrovert
9,Yes,3,0,Yes,3,1,Introvert
9,Yes,0,0,Yes,3,2,Introvert
6,Yes,0,0,Yes,0,1,Introvert
,Yes,1,0,Yes,3,2,Extrovert
0,No,5,5,No,10,8,Extrovert
3,No,5,5,No,6,6,Extrovert
9,Yes,1,2,Yes,0,2,Extrovert
10,Yes,1,0,Yes,3,1,Introvert
3,No,8,6,No,14,6,Extrovert
1,No,7,5,No,11,3,Extrovert
7,Yes,2,2,Yes,0,1,Introvert
3,No,6,5,No,10,4,Extrovert
6,Yes,2,1,Yes,0,1,Introvert
8,Yes,1,2,Yes,4,0,Introvert
4,Yes,2,1,,3,0,Introvert
9,Yes,3,2,Yes,4,0,Extrovert
10,Yes,3,2,Yes,2,0,Introvert
3,No,6,7,No,6,9,Extrovert
0,No,8,5,No,9,5,Extrovert
0,No,4,4,No,7,4,Extrovert
7,Yes,0,2,Yes,3,2,Introvert
7,Yes,,1,Yes,0,2,Introvert
8,Yes,3,1,Yes,2,2,Introvert
3,No,7,5,No,14,3,Extrovert
2,No,5,7,No,12,4,Extrovert
4,Yes,1,0,Yes,1,2,Introvert
8,Yes,2,2,Yes,4,0,Introvert
3,No,7,6,No,6,3,Extrovert
10,Yes,3,1,Yes,5,0,Introvert
10,Yes,2,0,Yes,5,1,Introvert
5,,0,1,Yes,4,0,Introvert
6,Yes,3,1,Yes,0,1,Introvert
1,No,6,5,No,10,8,Extrovert
0,No,9,5,No,11,8,Extrovert
1,No,9,5,No,8,8,Extrovert
9,Yes,0,0,Yes,2,0,Introvert
0,No,6,4,No,7,5,Extrovert
2,No,7,7,No,11,3,Extrovert
11,Yes,3,2,Yes,3,2,Introvert
1,No,9,4,No,10,3,Extrovert
1,No,6,6,No,12,8,Introvert
1,No,5,5,No,11,6,Extrovert
7,Yes,2,0,Yes,2,0,Introvert
1,No,4,6,No,10,4,Extrovert
5,Yes,2,0,Yes,1,1,Introvert
3,No,7,6,No,6,5,Extrovert
10,Yes,0,2,Yes,3,1,Introvert
1,No,8,5,No,14,7,Extrovert
1,No,7,4,No,10,4,Extrovert
7,Yes,3,1,Yes,2,1,Introvert
0,No,6,4,No,8,6,Extrovert
0,No,8,5,No,9,3,Extrovert
1,No,6,5,No,8,3,Extrovert
3,No,4,4,No,12,3,Extrovert
2,No,7,7,No,10,8,Extrovert
2,No,,4,No,12,5,Introvert
1,No,9,4,No,7,7,Extrovert
3,No,8,7,No,10,,Extrovert
1,No,7,4,No,7,3,Extrovert
5,Yes,1,0,Yes,3,2,Introvert
5,Yes,2,2,Yes,0,0,Introvert
0,No,5,4,No,6,8,Extrovert
1,No,8,4,No,9,7,Extrovert
11,Yes,2,2,Yes,4,2,Introvert
7,Yes,1,2,Yes,2,0,Introvert
3,No,5,7,No,10,7,Extrovert
9,Yes,3,2,Yes,1,2,Introvert
5,,3,0,Yes,4,0,Introvert
11,Yes,2,2,Yes,5,1,Introvert
0,No,6,7,No,8,7,Extrovert
4,Yes,2,2,Yes,2,2,Introvert
0,No,7,5,No,13,4,Extrovert
3,No,6,5,No,14,3,Extrovert
10,Yes,0,2,Yes,4,0,Introvert
2,No,9,4,No,14,3,Extrovert
8,Yes,0,1,Yes,5,0,Introvert
0,No,5,7,No,12,9,Extrovert
1,No,8,4,No,9,5,Extrovert
11,Yes,2,1,Yes,3,1,Extrovert
6,Yes,2,2,Yes,0,0,Introvert
0,No,5,5,No,10,3,Extrovert
11,Yes,2,2,Yes,5,0,Introvert
1,No,6,6,No,11,6,Extrovert
2,No,9,4,No,11,7,Extrovert
3,No,4,7,No,12,9,Extrovert
1,No,5,7,No,7,9,Extrovert
1,No,4,4,No,11,3,Extrovert
0,No,7,7,No,9,9,Extrovert
4,Yes,2,0,Yes,4,1,Introvert
0,No,4,,No,14,5,Extrovert
7,Yes,0,0,Yes,1,2,Introvert
11,Yes,2,2,Yes,5,0,Introvert
10,Yes,2,1,Yes,4,1,Introvert
0,No,4,5,No,14,7,Extrovert
0,No,8,5,No,11,6,Extrovert
3,No,8,6,No,6,9,Extrovert
0,No,7,7,No,,3,Extrovert
0,No,6,5,No,9,6,Extrovert
5,Yes,0,2,Yes,2,2,Introvert
11,Yes,1,1,Yes,0,1,Introvert
5,Yes,0,2,Yes,3,2,Extrovert
0,No,6,5,No,14,3,Extrovert
0,No,6,4,No,6,7,Extrovert
2,No,9,7,No,8,5,Extrovert
7,Yes,3,2,Yes,2,1,Introvert
4,Yes,3,2,Yes,3,2,Introvert
1,No,9,6,No,14,7,Extrovert
3,No,9,7,No,12,5,Introvert
5,Yes,3,2,Yes,2,2,Introvert
5,Yes,3,0,Yes,0,1,Introvert
8,Yes,2,0,Yes,2,0,Extrovert
1,No,4,4,No,14,6,Extrovert
9,Yes,0,1,Yes,2,0,Introvert
9,Yes,1,0,Yes,2,1,Introvert
8,Yes,2,1,Yes,5,2,Introvert
2,No,7,4,No,9,8,Extrovert
10,Yes,2,2,Yes,5,2,Extrovert
6,Yes,3,1,Yes,4,0,Introvert
3,No,5,6,No,14,3,Extrovert
3,No,5,5,No,6,4,Extrovert
1,No,5,4,No,14,7,Extrovert
5,Yes,1,0,Yes,0,,Introvert
0,No,7,6,No,8,4,Extrovert
5,Yes,0,2,Yes,1,1,Introvert
9,Yes,1,1,Yes,2,2,Introvert
10,Yes,2,0,Yes,5,2,Introvert
4,Yes,1,2,Yes,3,2,Introvert
10,Yes,1,1,Yes,4,1,Introvert
1,No,6,5,No,14,3,Extrovert
11,Yes,3,1,Yes,0,2,Introvert
7,Yes,2,1,Yes,4,0,Introvert
6,Yes,1,0,Yes,1,0,Introvert
2,No,6,5,No,8,7,Extrovert
2,No,9,7,No,7,8,Extrovert
11,Yes,1,1,Yes,4,0,Introvert
0,No,5,3,No,9,4,Extrovert
3,No,8,5,No,8,9,Extrovert
2,No,9,4,No,6,6,Extrovert
2,No,9,5,No,13,7,Introvert
6,Yes,2,2,Yes,5,2,Introvert
4,Yes,3,2,Yes,3,2,Introvert
11,Yes,0,1,Yes,1,2,Extrovert
1,No,9,3,No,8,7,Extrovert
3,No,9,5,No,7,4,Extrovert
7,Yes,1,1,Yes,2,0,Introvert
0,No,7,4,No,13,8,Extrovert
2,No,7,4,No,11,7,Extrovert
10,Yes,2,2,Yes,1,1,Introvert
8,Yes,1,1,Yes,1,0,Introvert
5,Yes,2,2,Yes,5,2,Introvert
9,Yes,,0,Yes,4,0,Introvert
1,No,4,5,No,14,4,Extrovert
4,Yes,0,1,Yes,1,1,Introvert
6,Yes,0,1,Yes,3,2,Introvert
1,,4,4,No,7,6,Extrovert
5,Yes,0,2,,2,0,Introvert
10,Yes,0,2,Yes,4,1,Introvert
4,Yes,2,0,Yes,1,1,Introvert
11,Yes,,2,Yes,3,2,Introvert
3,No,6,4,No,13,8,Extrovert
8,Yes,0,0,Yes,1,1,Introvert
3,No,6,5,No,9,4,Extrovert
2,No,5,4,No,11,3,Extrovert
4,Yes,2,2,Yes,4,1,Introvert
2,No,7,4,No,10,4,Extrovert
11,Yes,2,0,Yes,4,0,Introvert
4,Yes,3,2,Yes,1,0,Introvert
8,Yes,0,0,Yes,1,2,Extrovert
0,No,4,6,No,6,6,Extrovert
7,Yes,2,1,Yes,1,0,Extrovert
11,Yes,1,2,Yes,4,0,Introvert
5,Yes,2,1,Yes,,2,Introvert
3,No,5,4,No,5,5,Extrovert
2,No,8,7,No,14,7,Introvert
7,Yes,1,0,Yes,5,0,Introvert
2,No,4,5,No,14,8,Extrovert
9,Yes,0,2,Yes,4,0,Introvert
3,No,7,6,No,8,5,Extrovert
11,Yes,1,,Yes,4,2,Introvert
3,No,9,3,No,8,6,Extrovert
4,Yes,0,1,Yes,5,,Introvert
1,No,5,6,No,11,3,Extrovert
0,No,7,4,No,8,4,Extrovert
8,Yes,1,0,Yes,2,0,Introvert
1,No,4,3,No,6,5,Extrovert
0,No,4,3,No,15,5,Extrovert
3,,9,5,No,14,6,Extrovert
1,No,9,5,No,10,5,Extrovert
2,No,9,6,No,9,6,Extrovert
1,No,7,5,No,,4,Extrovert
9,Yes,,0,Yes,3,1,Introvert
11,Yes,1,1,Yes,3,2,Introvert
7,,1,0,Yes,5,2,Introvert
5,Yes,2,1,Yes,3,1,Introvert
9,Yes,3,1,Yes,2,0,Introvert
5,Yes,0,0,,1,2,Introvert
1,No,4,4,No,10,,Extrovert
8,Yes,3,2,Yes,3,0,Introvert
9,Yes,0,,Yes,5,1,Introvert
3,No,8,4,No,8,3,Extrovert
10,Yes,3,,Yes,4,0,Introvert
2,No,9,6,No,6,7,Extrovert
7,Yes,2,1,Yes,5,2,Introvert
1,No,5,6,No,11,5,Extrovert
2,No,6,3,No,7,4,Extrovert
5,Yes,0,1,Yes,3,1,Introvert
8,Yes,2,2,Yes,1,2,Introvert
2,No,4,5,No,9,3,Extrovert
3,No,9,4,No,7,,Extrovert
3,No,7,3,No,8,6,Extrovert
2,No,4,3,No,11,6,Extrovert
7,Yes,0,1,Yes,2,2,Introvert
,Yes,3,2,Yes,5,2,Introvert
10,Yes,2,1,Yes,5,0,Introvert
1,No,8,4,No,11,4,Extrovert
1,No,6,3,No,10,8,Extrovert
10,Yes,0,1,Yes,2,2,Introvert
8,Yes,0,0,Yes,5,,Introvert
5,Yes,0,0,,5,1,Introvert
8,Yes,,0,Yes,3,0,Introvert
3,No,6,5,No,9,6,Extrovert
3,No,8,4,No,8,4,Extrovert
3,No,7,4,No,12,5,Extrovert
0,No,8,6,No,10,4,Extrovert
8,Yes,1,0,Yes,1,0,Introvert
3,No,4,6,No,13,3,Extrovert
0,No,5,6,No,5,4,Extrovert
1,No,5,6,No,12,7,Extrovert
3,No,6,5,No,6,5,Extrovert
1,No,4,5,No,,6,Extrovert
2,No,8,5,No,9,6,Extrovert
2,No,9,5,No,10,9,Introvert
10,Yes,2,0,Yes,5,2,Introvert
11,Yes,2,0,Yes,,0,Introvert
11,Yes,1,2,,4,2,Introvert
3,No,6,5,No,7,6,Extrovert
,Yes,2,1,Yes,5,0,Introvert
1,No,9,6,No,12,4,Extrovert
1,,7,3,No,12,3,Extrovert
4,Yes,1,2,Yes,2,2,Introvert
4,Yes,3,1,Yes,4,1,Introvert
0,No,4,3,No,14,9,Extrovert
9,Yes,2,1,Yes,2,0,Introvert
7,Yes,3,2,Yes,2,1,Introvert
8,Yes,0,2,Yes,4,1,Introvert
6,Yes,1,2,Yes,1,1,Introvert
2,No,4,3,No,,5,Extrovert
1,No,7,4,No,13,4,Extrovert
,No,7,4,No,8,7,Extrovert
3,No,6,4,No,5,7,Extrovert
2,No,5,6,No,11,9,Extrovert
4,,3,0,,2,0,Introvert
0,No,9,3,No,12,8,Extrovert
3,No,9,5,No,11,6,Extrovert
3,No,6,6,No,10,8,Extrovert
2,No,4,4,No,6,4,Extrovert
8,Yes,0,2,,4,2,Introvert
5,Yes,2,2,Yes,3,2,Introvert
11,Yes,3,0,Yes,3,0,Introvert
8,Yes,0,2,Yes,3,2,Introvert
9,Yes,0,0,Yes,2,1,Extrovert
2,No,5,,No,12,3,Extrovert
7,Yes,0,2,Yes,1,2,Introvert
7,Yes,1,1,Yes,2,1,Extrovert
5,Yes,0,1,Yes,3,2,Introvert
5,Yes,0,0,Yes,1,1,Introvert
5,Yes,1,1,Yes,4,,Introvert
9,Yes,1,0,Yes,2,0,Introvert
0,No,7,5,No,7,9,Extrovert
10,Yes,1,2,Yes,5,1,Introvert
3,No,8,,No,8,,Extrovert
3,No,9,5,No,14,7,Extrovert
9,Yes,0,1,Yes,5,1,Introvert
1,No,9,6,No,13,7,Extrovert
3,No,4,5,No,11,,Extrovert
8,Yes,1,2,Yes,5,1,Introvert
2,No,7,6,No,12,8,Extrovert
11,Yes,1,1,Yes,2,2,Introvert
10,Yes,3,2,Yes,1,2,Introvert
9,Yes,2,1,Yes,5,1,Introvert
1,No,9,3,No,8,5,Extrovert
3,No,8,6,No,11,3,Extrovert
10,Yes,0,1,Yes,4,0,Introvert
6,Yes,3,2,Yes,3,0,Introvert
3,No,9,3,No,5,3,Extrovert
9,Yes,3,2,Yes,3,2,Introvert
1,No,8,7,No,14,6,Introvert
2,No,4,4,No,9,3,Extrovert
,No,8,4,No,6,5,Extrovert
8,Yes,2,0,Yes,5,1,Introvert
0,No,6,3,No,7,7,Extrovert
,No,,5,No,14,5,Extrovert
8,Yes,0,0,Yes,4,0,Introvert
0,No,5,6,No,9,6,Extrovert
9,Yes,1,1,Yes,2,2,Introvert
8,Yes,1,2,Yes,1,0,Extrovert
1,No,9,6,No,13,9,Extrovert
3,No,4,6,No,9,8,Extrovert
11,Yes,3,1,Yes,4,2,Introvert
2,No,7,4,No,12,4,Extrovert
11,Yes,3,1,Yes,2,0,Introvert
8,Yes,1,0,Yes,5,2,Introvert
7,Yes,1,1,Yes,3,0,Introvert
0,No,7,4,No,5,5,Extrovert
2,No,9,5,No,6,5,Extrovert
7,Yes,3,2,Yes,5,1,Introvert
1,No,7,6,No,13,7,Extrovert
5,Yes,0,1,Yes,5,2,Introvert
2,No,5,3,No,12,3,Extrovert
6,Yes,2,0,Yes,5,0,Introvert
,No,4,3,No,6,7,Extrovert
7,Yes,2,1,Yes,1,2,Introvert
1,No,4,3,No,12,7,Extrovert
8,Yes,1,1,Yes,3,0,Introvert
10,Yes,,0,Yes,1,1,Introvert
2,No,8,6,No,14,9,Introvert
1,No,8,3,,6,8,Extrovert
3,No,4,4,No,14,4,Extrovert
11,Yes,3,2,Yes,5,2,Introvert
1,No,7,6,No,,8,Extrovert
3,No,6,4,No,7,5,Extrovert
2,No,4,6,No,11,7,Extrovert
3,No,5,5,No,8,8,Extrovert
7,Yes,1,2,Yes,5,2,Introvert
9,Yes,3,1,Yes,3,0,Introvert
0,No,5,6,No,14,3,Extrovert
2,No,5,3,No,12,8,Extrovert
2,No,7,3,No,14,6,Extrovert
6,Yes,1,2,Yes,4,2,Introvert
4,Yes,2,1,Yes,3,2,Introvert
11,Yes,0,2,Yes,3,0,Extrovert
1,No,7,6,No,13,6,Extrovert
0,No,8,6,No,11,3,Extrovert
9,Yes,1,0,Yes,2,0,Extrovert
3,No,7,4,No,6,9,Extrovert
11,Yes,2,0,Yes,3,2,Introvert
5,Yes,2,1,Yes,1,0,Introvert
2,No,8,6,,15,7,Extrovert
3,No,9,4,No,10,5,Extrovert
11,Yes,0,2,Yes,1,2,Introvert
8,Yes,2,0,Yes,5,1,Introvert
0,No,5,6,No,10,4,Extrovert
10,Yes,2,2,Yes,3,0,Introvert
,Yes,2,0,Yes,4,0,Introvert
3,No,5,4,No,9,5,Extrovert
0,No,7,3,No,13,6,Extrovert
1,No,5,4,No,7,6,Extrovert
,,0,2,Yes,,2,Introvert
3,No,7,3,No,9,4,Extrovert
9,Yes,2,1,Yes,2,0,Introvert
7,Yes,3,1,Yes,1,0,Introvert
2,No,7,4,No,13,5,Extrovert
2,No,,4,No,15,3,Extrovert
10,Yes,0,0,Yes,2,1,Extrovert
2,No,9,5,No,,5,Extrovert
0,No,7,3,No,6,,Extrovert
6,Yes,3,2,Yes,1,,Introvert
11,Yes,2,2,Yes,3,1,Introvert
4,Yes,2,1,Yes,5,2,Introvert
4,Yes,0,0,Yes,,,Introvert
3,No,7,,No,11,3,Extrovert
,Yes,3,0,Yes,2,,Introvert
0,No,9,5,No,15,9,Extrovert
2,No,6,4,No,,8,Extrovert
1,No,9,6,No,9,8,Extrovert
,No,6,,No,15,6,Extrovert
0,,,6,No,12,8,Extrovert
,No,9,5,No,10,3,Extrovert
6,Yes,,,Yes,3,1,Introvert
2,No,4,6,No,8,7,Extrovert
10,Yes,1,2,Yes,1,2,Introvert
7,Yes,2,0,Yes,4,2,Introvert
2,No,7,4,No,12,8,Extrovert
8,,0,0,Yes,1,0,Introvert
8,Yes,0,0,Yes,2,1,Extrovert
2,No,4,5,No,13,6,Extrovert
2,No,7,6,No,12,4,Extrovert
4,Yes,0,,Yes,1,2,Introvert
10,Yes,2,0,Yes,1,1,Introvert
3,No,6,5,No,6,7,Extrovert
10,Yes,0,0,Yes,4,0,Introvert
2,No,7,3,No,9,7,Extrovert
0,No,8,3,No,8,5,Extrovert
7,Yes,2,1,Yes,1,2,Extrovert
10,Yes,2,1,Yes,4,1,Introvert
10,Yes,2,0,Yes,3,1,Introvert
3,No,8,4,No,12,7,Extrovert
6,Yes,1,0,,5,2,Introvert
7,Yes,2,2,Yes,4,1,Introvert
7,Yes,2,0,Yes,2,1,Extrovert
1,No,5,5,No,11,3,Extrovert
0,No,9,4,No,10,3,Extrovert
1,No,4,3,No,10,4,Extrovert
6,Yes,3,2,Yes,4,1,Introvert
,No,4,3,No,5,5,Extrovert
10,Yes,0,1,Yes,3,2,Extrovert
8,Yes,0,1,Yes,1,1,Introvert
0,No,9,6,No,15,6,Extrovert
3,No,4,4,No,11,7,Extrovert
0,No,4,6,No,14,5,Extrovert
1,No,9,3,No,,7,Extrovert
0,No,4,3,No,12,7,Extrovert
6,Yes,2,2,Yes,1,2,Introvert
8,Yes,3,2,Yes,3,2,Introvert
0,No,9,3,No,5,6,Extrovert
2,No,7,6,No,12,7,Extrovert
,No,8,6,No,5,7,Extrovert
1,No,7,,No,9,3,Extrovert
2,No,9,5,No,11,3,Extrovert
2,No,7,4,No,6,4,Extrovert
3,No,9,3,No,8,4,Extrovert
0,No,6,5,No,12,6,Extrovert
0,No,4,6,No,14,5,Extrovert
2,,4,5,No,,9,Extrovert
0,No,4,4,No,6,5,Extrovert
6,Yes,0,1,Yes,2,2,Introvert
9,Yes,0,0,Yes,4,2,Introvert
7,Yes,1,,,5,1,Introvert
0,No,9,5,No,12,4,Extrovert
4,Yes,0,1,Yes,4,,Introvert
6,Yes,0,2,Yes,5,2,Introvert
1,No,8,,No,5,9,Extrovert
10,Yes,0,2,Yes,,1,Introvert
3,No,8,4,No,15,4,Extrovert
7,Yes,2,0,Yes,1,0,Introvert
9,Yes,1,1,Yes,4,1,Introvert
3,No,6,5,No,13,9,Extrovert
10,Yes,3,2,Yes,2,2,Introvert
4,Yes,1,0,Yes,2,0,Introvert
2,No,7,3,No,12,3,Extrovert
0,No,7,5,No,14,6,Extrovert
5,,3,2,Yes,3,2,Introvert
2,No,6,4,No,15,3,Extrovert
4,Yes,1,0,Yes,2,1,Introvert
4,Yes,2,0,Yes,5,1,Introvert
0,,9,6,No,12,5,Extrovert
2,No,6,3,No,,4,Extrovert
2,No,9,4,No,15,5,Extrovert
10,Yes,0,2,Yes,4,1,Extrovert
0,No,8,4,No,14,7,Extrovert
1,No,8,3,No,14,6,Extrovert
8,Yes,2,2,Yes,,1,Introvert
3,No,4,,No,15,9,Extrovert
9,Yes,3,0,Yes,5,1,Introvert
7,Yes,0,0,Yes,1,0,Introvert
8,Yes,1,0,Yes,5,2,Introvert
10,Yes,2,2,Yes,2,1,Introvert
3,No,8,5,No,14,3,Extrovert
,No,9,5,No,9,6,Extrovert
2,No,7,5,No,5,6,Extrovert
10,Yes,3,0,Yes,3,0,Introvert
0,No,6,7,No,13,9,Introvert
8,Yes,0,2,Yes,4,1,Introvert
11,Yes,1,0,Yes,2,2,Introvert
0,No,8,6,No,9,3,Extrovert
11,Yes,0,0,Yes,2,2,Extrovert
3,,6,3,No,6,5,Extrovert
9,Yes,,2,Yes,4,1,Introvert
0,No,9,5,No,11,6,Extrovert
0,No,4,6,No,8,3,Extrovert
1,No,5,6,No,10,3,Extrovert
2,No,6,4,No,8,8,Extrovert
10,Yes,2,1,Yes,4,1,Introvert
6,Yes,0,1,Yes,3,2,Introvert
11,Yes,0,2,Yes,2,0,Introvert
2,No,8,4,No,15,4,Extrovert
7,Yes,2,2,Yes,4,2,Introvert
8,Yes,2,2,Yes,1,0,Introvert
4,Yes,,0,Yes,1,2,Introvert
10,Yes,1,2,Yes,3,0,Introvert
0,,9,3,No,11,4,Extrovert
3,No,9,3,No,,5,Extrovert
2,No,9,4,No,,8,Extrovert
8,Yes,3,1,Yes,1,2,Introvert
3,No,9,3,No,7,5,Extrovert
1,No,5,3,No,12,9,Extrovert
9,Yes,2,2,Yes,1,0,Introvert
8,Yes,0,2,,5,0,Introvert
11,Yes,3,0,Yes,4,0,Introvert
2,No,4,6,No,7,4,Extrovert
2,No,4,4,No,8,8,Extrovert
1,No,8,6,No,12,8,Introvert
9,Yes,3,0,Yes,5,1,Introvert
0,No,8,5,No,15,8,Extrovert
3,No,5,6,No,5,9,Extrovert
1,No,5,6,No,10,6,Extrovert
1,No,5,4,No,12,9,Extrovert
10,Yes,3,1,Yes,3,2,Introvert
9,Yes,3,1,Yes,3,1,Introvert
0,No,8,5,No,5,3,Extrovert
4,Yes,1,0,Yes,5,0,Introvert
8,Yes,2,2,Yes,2,2,Extrovert
1,No,4,5,No,11,8,Extrovert
10,Yes,0,0,Yes,1,2,Extrovert
7,Yes,3,1,Yes,2,1,Introvert
3,No,8,6,No,10,8,Extrovert
10,Yes,3,0,Yes,,2,Introvert
3,No,5,6,No,11,9,Extrovert
1,No,5,4,No,12,4,Extrovert
10,Yes,2,0,Yes,4,0,Introvert
2,,4,5,No,5,4,Extrovert
0,No,5,4,No,10,8,Extrovert
0,No,8,7,No,11,7,Introvert
8,Yes,3,0,Yes,5,2,Introvert
4,Yes,,2,Yes,3,0,Introvert
6,Yes,1,,Yes,3,0,Introvert
6,Yes,0,1,Yes,4,2,Introvert
0,No,4,4,No,11,4,Extrovert
8,Yes,0,2,Yes,1,2,Introvert
5,Yes,2,2,Yes,,0,Introvert
2,No,8,3,No,5,6,Extrovert
6,Yes,0,2,Yes,1,1,Introvert
10,Yes,2,1,Yes,3,1,Extrovert
7,Yes,0,1,Yes,1,0,Introvert
9,Yes,3,2,Yes,4,0,Introvert
2,No,5,6,No,7,6,Extrovert
0,No,7,5,No,13,7,Extrovert
1,No,8,3,No,8,9,Extrovert
1,No,4,3,No,10,5,Extrovert
1,No,9,3,No,8,7,Extrovert
10,Yes,0,0,Yes,2,0,Introvert
11,Yes,3,2,Yes,4,1,Introvert
2,No,7,4,No,9,6,Extrovert
3,No,9,4,No,5,6,Extrovert
11,Yes,1,2,Yes,2,2,Extrovert
,Yes,0,1,Yes,2,0,Introvert
7,Yes,2,0,Yes,2,1,Introvert
,No,8,4,No,12,4,Extrovert
9,Yes,0,1,Yes,2,,Introvert
0,No,6,5,No,10,,Extrovert
3,No,9,6,No,12,7,Extrovert
6,Yes,0,1,Yes,4,1,Introvert
1,No,4,6,No,11,6,Extrovert
3,No,4,6,No,14,6,Extrovert
6,Yes,1,0,Yes,2,,Introvert
2,No,9,3,No,6,7,Extrovert
1,,8,3,No,5,9,Extrovert
,No,7,3,No,15,7,Extrovert
7,Yes,0,2,Yes,4,2,Introvert
10,Yes,2,2,Yes,2,1,Extrovert
10,Yes,0,0,,3,2,Introvert
8,Yes,0,0,Yes,2,1,Introvert
3,No,8,5,No,11,6,Extrovert
5,Yes,3,1,Yes,1,2,Introvert
8,Yes,3,1,Yes,3,2,Introvert
3,No,7,4,No,13,3,Extrovert
2,No,5,6,No,11,4,Extrovert
0,No,5,3,No,14,5,Extrovert
0,No,,5,No,9,6,Extrovert
10,Yes,2,2,Yes,3,0,Introvert
4,Yes,2,1,Yes,4,0,Introvert
10,Yes,2,0,Yes,2,1,Introvert
0,No,5,3,No,8,6,Extrovert
0,No,6,6,No,10,3,Extrovert
1,No,,5,No,6,9,Extrovert
3,No,8,4,No,9,8,Extrovert
8,Yes,1,1,Yes,2,1,Introvert
1,No,9,3,No,7,8,Extrovert
9,Yes,0,0,Yes,3,0,Introvert
0,No,6,3,No,6,5,Extrovert
10,Yes,3,1,Yes,1,2,Introvert
3,No,6,4,No,,6,Extrovert
6,Yes,0,0,Yes,2,2,Introvert
10,Yes,2,1,Yes,2,1,Introvert
9,Yes,3,2,Yes,5,2,Introvert
0,No,5,3,No,15,5,Extrovert
0,No,5,4,No,11,,Extrovert
5,Yes,3,1,Yes,4,2,Introvert
9,Yes,0,2,Yes,1,2,Introvert
3,No,5,4,No,10,6,Extrovert
4,Yes,0,1,,,0,Introvert
3,No,7,4,No,15,7,Extrovert
3,No,5,6,No,12,,Extrovert
2,No,8,6,No,10,9,Introvert
4,Yes,0,2,Yes,4,0,Introvert
0,No,5,6,No,13,8,Extrovert
11,Yes,2,2,Yes,2,2,Introvert
,Yes,3,0,Yes,5,2,Introvert
0,No,6,6,,8,7,Extrovert
1,No,6,5,No,,9,Extrovert
2,No,5,4,No,5,4,Extrovert
0,No,7,3,No,8,7,Extrovert
6,Yes,1,0,Yes,2,0,Introvert
5,Yes,1,0,Yes,4,2,Introvert
1,No,6,5,No,13,3,Extrovert
0,No,5,3,No,5,8,Extrovert
5,Yes,3,,Yes,1,0,Introvert
3,No,8,6,No,15,5,Extrovert
8,Yes,2,1,Yes,,2,Introvert
0,No,7,5,No,11,9,Extrovert
5,Yes,3,0,Yes,5,1,Introvert
7,Yes,2,1,Yes,4,2,Introvert
5,Yes,3,0,Yes,5,0,Introvert
0,No,7,7,No,14,8,Introvert
2,No,9,5,No,14,7,Introvert
0,No,6,5,No,12,5,Extrovert
3,No,8,6,,6,7,Extrovert
3,No,5,6,No,7,4,Extrovert
0,No,4,5,No,9,6,Extrovert
10,Yes,0,0,Yes,5,,Introvert
4,Yes,0,0,Yes,1,1,Introvert
1,No,8,3,No,14,9,Extrovert
10,Yes,1,0,Yes,5,2,Introvert
3,No,6,4,No,8,6,Extrovert
7,Yes,1,2,Yes,4,2,Introvert
0,No,8,3,No,11,4,Extrovert
5,Yes,1,1,Yes,5,0,Introvert
3,No,6,5,No,13,8,Extrovert
3,No,6,5,No,10,6,Extrovert
2,No,9,3,No,10,,Extrovert
11,Yes,0,2,Yes,2,1,Introvert
3,No,6,4,No,13,3,Extrovert
2,No,5,4,No,13,3,Extrovert
3,No,7,5,No,13,5,Extrovert
0,No,8,4,No,5,3,Extrovert
2,No,4,5,No,8,3,Extrovert
4,Yes,2,1,Yes,3,1,Introvert
7,Yes,1,1,Yes,3,0,Extrovert
9,Yes,0,1,Yes,4,0,Extrovert
7,Yes,2,2,Yes,3,1,Extrovert
6,Yes,0,2,Yes,1,2,Introvert
8,Yes,2,0,Yes,1,2,Introvert
1,No,7,6,No,,4,Extrovert
11,Yes,0,2,Yes,3,1,Extrovert
11,Yes,1,1,Yes,1,1,Introvert
1,No,8,5,No,8,5,Extrovert
2,No,6,7,No,9,5,Introvert
4,Yes,3,2,Yes,5,0,Introvert
8,Yes,2,1,Yes,5,1,Introvert
6,Yes,2,2,,3,1,Introvert
0,No,7,5,No,8,6,Extrovert
0,No,9,6,No,9,9,Introvert
0,No,9,6,No,11,5,Extrovert
1,No,6,5,No,6,6,Extrovert
3,No,7,3,No,5,6,Extrovert
1,No,,5,No,9,5,Extrovert
,Yes,0,1,Yes,1,0,Introvert
0,No,7,4,No,9,8,Extrovert
3,No,6,3,No,6,3,Extrovert
6,Yes,1,0,Yes,,1,Introvert
1,No,7,3,No,8,8,Extrovert
2,No,9,5,No,7,8,Extrovert
0,No,7,3,No,12,4,Extrovert
2,No,5,3,No,13,4,Extrovert
1,No,8,4,No,5,4,Extrovert
9,Yes,1,0,Yes,4,1,Introvert
0,No,8,4,No,14,6,Extrovert
0,No,4,5,No,5,6,Extrovert
10,Yes,2,2,Yes,2,1,Introvert
4,,2,1,Yes,4,1,Introvert
2,No,7,5,No,14,7,Introvert
8,Yes,2,0,Yes,1,1,Extrovert
2,No,4,4,No,8,6,Extrovert
6,Yes,3,2,Yes,2,1,Introvert
0,No,,4,No,7,8,Extrovert
10,Yes,2,1,Yes,1,0,Introvert
3,No,9,3,No,15,6,Extrovert
10,Yes,0,2,Yes,4,1,Extrovert
2,No,5,3,No,14,7,Extrovert
10,Yes,2,1,Yes,3,0,Introvert
6,Yes,3,1,Yes,4,1,Introvert
,Yes,0,0,Yes,4,0,Introvert
4,Yes,0,2,Yes,1,0,Introvert
3,No,6,3,No,14,6,Extrovert
0,No,8,4,No,14,8,Extrovert
3,No,9,3,No,14,4,Extrovert
2,No,9,4,No,7,6,Extrovert
2,No,8,5,No,13,6,Extrovert
2,No,7,3,No,15,3,Extrovert
2,No,5,5,No,12,6,Extrovert
0,No,6,3,No,13,4,Extrovert
5,Yes,3,0,Yes,1,0,Introvert
10,Yes,2,2,Yes,1,0,Introvert
9,Yes,0,2,Yes,2,2,Introvert
8,Yes,0,0,Yes,4,0,Extrovert
2,No,5,4,No,11,4,Extrovert
5,Yes,1,2,Yes,3,2,Introvert
2,No,8,6,No,7,4,Extrovert
1,No,4,5,No,12,5,Extrovert
9,Yes,3,,Yes,2,0,Introvert
4,Yes,0,1,Yes,3,0,Introvert
2,No,4,6,No,5,8,Extrovert
0,No,4,4,No,12,5,Extrovert
0,No,5,3,No,14,5,Extrovert
2,No,7,4,No,14,6,Extrovert
7,Yes,2,0,Yes,3,2,Extrovert
3,No,5,4,No,10,5,Extrovert
1,No,4,3,No,8,8,Extrovert
3,No,8,5,No,10,,Extrovert
7,Yes,2,0,Yes,3,1,Introvert
9,Yes,1,0,Yes,1,1,Introvert
9,Yes,0,0,Yes,5,0,Introvert
1,No,7,3,No,6,9,Extrovert
2,No,8,5,No,8,5,Extrovert
2,No,7,3,No,,6,Extrovert
7,Yes,3,2,Yes,2,2,Introvert
4,Yes,0,0,Yes,2,0,Introvert
8,Yes,2,1,Yes,5,1,Introvert
5,Yes,0,1,Yes,2,2,Introvert
3,No,4,3,No,9,7,Extrovert
0,No,7,7,No,12,5,Introvert
10,Yes,1,0,Yes,5,1,Introvert
2,No,4,6,No,11,5,Extrovert
9,Yes,0,2,Yes,1,0,Introvert
2,No,8,5,No,8,9,Extrovert
3,No,8,3,No,11,7,Extrovert
5,Yes,0,1,Yes,4,1,Introvert
1,No,9,4,No,5,8,Extrovert
0,No,9,5,No,14,5,Extrovert
7,Yes,2,2,Yes,4,1,Extrovert
5,Yes,0,1,Yes,4,2,Introvert
1,No,9,5,No,7,8,Extrovert
2,No,9,6,No,12,5,Extrovert
8,Yes,0,2,Yes,1,1,Introvert
4,Yes,2,2,Yes,2,2,Introvert
1,No,4,3,No,6,4,Extrovert
2,No,8,4,No,5,4,Extrovert
8,Yes,3,2,Yes,5,0,Introvert
0,No,8,3,No,11,4,Extrovert
4,Yes,2,0,Yes,5,1,Introvert
4,Yes,2,2,Yes,2,0,Introvert
10,Yes,0,0,Yes,1,1,Introvert
4,Yes,2,0,Yes,3,0,Introvert
6,Yes,2,0,Yes,5,2,Introvert
11,Yes,1,0,Yes,4,0,Introvert
3,No,4,3,No,13,,Extrovert
11,Yes,0,2,Yes,4,2,Introvert
9,Yes,0,2,Yes,5,2,Introvert
2,No,5,3,No,7,5,Extrovert
0,No,9,4,No,13,4,Extrovert
2,No,5,6,No,12,8,Extrovert
9,Yes,3,2,Yes,,2,Introvert
7,Yes,,0,Yes,1,0,Introvert
5,Yes,1,0,Yes,5,1,Introvert
10,Yes,3,0,Yes,3,1,Introvert
8,Yes,2,2,Yes,3,1,Introvert
9,Yes,3,2,Yes,4,2,Introvert
7,Yes,3,2,Yes,,2,Introvert
6,,3,,Yes,3,1,Introvert
9,Yes,3,0,Yes,1,2,Introvert
7,Yes,1,0,Yes,1,0,Introvert
5,Yes,1,0,Yes,5,1,Introvert
7,Yes,0,0,Yes,1,2,Extrovert
0,No,6,6,No,15,9,Extrovert
0,No,7,7,No,11,6,Introvert
0,No,5,,No,11,9,Extrovert
2,No,8,6,No,14,6,Extrovert
5,Yes,0,0,Yes,2,1,Introvert
0,No,8,5,No,10,5,Extrovert
10,Yes,0,0,Yes,3,0,Extrovert
9,Yes,3,,Yes,4,2,Introvert
,Yes,3,0,Yes,2,1,Introvert
1,No,7,5,No,14,9,Extrovert
8,Yes,2,1,Yes,1,1,Extrovert
9,Yes,0,2,Yes,3,1,Introvert
6,Yes,1,0,Yes,1,1,Introvert
8,Yes,3,0,Yes,,1,Introvert
0,No,6,6,No,11,8,Extrovert
1,No,8,5,No,8,9,Extrovert
10,Yes,1,1,Yes,5,0,Introvert
7,Yes,3,0,Yes,5,2,Introvert
1,No,9,3,No,9,5,Extrovert
10,Yes,0,1,Yes,2,1,Introvert
4,Yes,3,,Yes,3,2,Introvert
0,No,8,4,No,6,4,Extrovert
3,No,6,3,No,10,7,Extrovert
3,No,9,6,No,15,6,Extrovert
3,No,6,,No,15,,Extrovert
0,No,8,6,No,11,5,Introvert
10,Yes,2,0,Yes,5,0,Introvert
2,No,7,5,No,15,7,Extrovert
6,Yes,1,2,Yes,4,0,Introvert
6,Yes,1,1,Yes,2,0,Introvert
11,Yes,3,2,Yes,3,1,Introvert
6,Yes,2,0,Yes,5,0,Introvert
5,Yes,2,0,Yes,4,0,Introvert
8,Yes,2,2,Yes,3,1,Introvert
5,Yes,0,2,Yes,1,2,Introvert
2,No,8,5,No,13,7,Introvert
3,No,8,5,No,15,7,Extrovert
11,Yes,2,2,Yes,1,2,Extrovert
1,No,4,4,No,8,8,Extrovert
0,,9,5,No,15,7,Extrovert
1,No,6,5,No,10,4,Extrovert
11,Yes,2,2,Yes,5,0,Introvert
2,No,4,5,No,13,3,Extrovert
1,No,5,4,No,7,3,Extrovert
3,No,7,3,No,12,6,Extrovert
9,Yes,1,1,Yes,1,0,Introvert
9,Yes,1,1,Yes,4,1,Introvert
11,,0,2,Yes,3,2,Introvert
10,Yes,3,1,Yes,4,1,Introvert
1,No,6,6,No,12,4,Extrovert
1,No,8,3,No,6,7,Extrovert
4,Yes,1,1,Yes,4,1,Introvert
1,No,6,6,No,12,5,Extrovert
1,No,7,6,No,12,4,Extrovert
9,Yes,0,,Yes,3,2,Introvert
11,Yes,0,2,Yes,3,0,Introvert
10,Yes,3,2,Yes,1,2,Introvert
6,Yes,3,0,Yes,2,0,Introvert
10,Yes,,2,,1,2,Introvert
10,Yes,0,1,Yes,4,2,Introvert
8,Yes,2,0,Yes,1,1,Introvert
9,Yes,0,2,Yes,3,1,Introvert
1,No,7,4,No,6,5,Extrovert
7,Yes,1,1,Yes,2,2,Introvert
9,Yes,1,1,Yes,1,2,Extrovert
4,Yes,3,,Yes,3,1,Introvert
3,No,8,4,No,12,6,Extrovert
5,Yes,2,0,Yes,4,,Introvert
8,Yes,3,0,Yes,2,1,Introvert
3,No,5,6,No,10,9,Extrovert
3,No,9,4,No,11,5,Extrovert
3,No,9,6,No,9,8,Extrovert
5,Yes,3,1,Yes,3,1,Introvert
10,Yes,0,0,Yes,2,0,Introvert
2,No,5,3,No,12,4,Extrovert
0,No,9,3,No,13,4,Extrovert
11,Yes,2,2,Yes,4,0,Extrovert
1,,8,3,No,13,6,Extrovert
5,Yes,2,,Yes,2,0,Introvert
3,No,4,5,No,10,5,Extrovert
7,Yes,2,0,Yes,3,1,Introvert
0,No,7,6,No,8,5,Introvert
4,Yes,3,1,Yes,5,0,Introvert
0,No,4,3,No,10,5,Extrovert
8,Yes,0,1,Yes,4,2,Introvert
0,No,6,5,No,11,5,Introvert
2,No,9,6,No,9,8,Extrovert
6,Yes,3,2,Yes,5,1,Introvert
1,No,9,6,No,10,9,Extrovert
11,Yes,1,0,Yes,3,1,Introvert
2,No,6,6,No,5,5,Extrovert
2,No,,5,No,9,8,Extrovert
7,Yes,0,2,Yes,1,2,Introvert
9,Yes,0,1,Yes,4,2,Introvert
10,Yes,1,0,Yes,5,2,Introvert
5,Yes,1,0,Yes,4,0,Introvert
0,No,9,6,No,5,3,Extrovert
0,No,7,6,No,14,7,Introvert
2,No,8,,No,12,5,Extrovert
,Yes,2,2,Yes,5,2,Introvert
0,No,4,6,No,13,7,Extrovert
8,Yes,1,2,Yes,3,0,Extrovert
0,No,9,5,No,6,7,Extrovert
1,No,9,4,No,15,,Extrovert
9,Yes,0,2,Yes,1,2,Introvert
7,Yes,2,0,Yes,4,1,Introvert
3,No,8,5,No,,8,Extrovert
0,No,4,6,No,13,8,Extrovert
2,No,4,6,No,7,5,Extrovert
5,Yes,3,0,Yes,4,0,Introvert
0,No,9,3,No,13,5,Extrovert
1,No,7,3,No,15,4,Extrovert
9,Yes,2,2,Yes,3,2,Introvert
4,Yes,0,1,Yes,5,0,Introvert
7,Yes,2,1,Yes,3,0,Extrovert
0,No,8,6,No,7,8,Extrovert
9,Yes,2,0,Yes,2,1,Extrovert
6,Yes,3,0,Yes,5,2,Introvert
11,Yes,0,1,Yes,1,1,Extrovert
9,Yes,2,1,Yes,4,1,Introvert
9,Yes,2,0,Yes,3,1,Introvert
5,Yes,0,2,Yes,,1,Introvert
0,No,7,4,No,5,3,Extrovert
10,Yes,1,0,Yes,4,1,Extrovert
3,No,6,4,No,12,5,Extrovert
7,Yes,0,1,Yes,2,0,Introvert
2,No,7,6,No,12,4,Extrovert
7,Yes,1,2,Yes,1,2,Introvert
3,No,7,,No,12,9,Extrovert
9,Yes,0,0,Yes,2,2,Introvert
5,Yes,3,1,Yes,2,0,Introvert
5,Yes,3,1,Yes,3,2,Introvert
11,Yes,0,2,Yes,2,2,Introvert
3,No,4,5,No,7,6,Extrovert
0,No,8,6,No,14,9,Extrovert
5,Yes,2,2,Yes,2,2,Introvert
3,No,4,4,No,13,4,Extrovert
9,Yes,2,1,Yes,5,0,Introvert
3,No,4,6,No,10,7,Extrovert
1,No,8,3,No,8,8,Extrovert
8,Yes,0,2,Yes,2,0,Extrovert
9,Yes,0,0,Yes,1,1,Introvert
0,No,9,3,No,15,,Extrovert
,No,7,5,No,6,7,Extrovert
7,Yes,2,1,Yes,,1,Introvert
5,Yes,0,0,Yes,3,0,Introvert
3,No,8,4,No,,9,Extrovert
0,No,6,3,No,,7,Extrovert
0,No,4,5,No,6,3,Extrovert
3,No,7,5,No,15,6,Extrovert
3,No,7,5,No,14,7,Extrovert
6,Yes,3,2,Yes,5,0,Introvert
9,Yes,3,1,Yes,1,2,Introvert
10,Yes,1,,Yes,2,2,Introvert
2,No,7,3,No,,9,Extrovert
9,Yes,3,0,Yes,1,0,Introvert
0,No,5,4,No,14,7,Extrovert
2,No,4,4,No,10,5,Extrovert
0,,9,5,No,5,3,Extrovert
9,Yes,1,0,,1,1,Introvert
0,No,9,3,No,10,,Extrovert
9,Yes,1,2,Yes,5,2,Introvert
1,No,8,5,No,5,9,Extrovert
2,No,8,5,No,8,6,Introvert
8,Yes,1,1,Yes,1,2,Introvert
0,No,5,4,No,9,4,Extrovert
7,Yes,1,1,Yes,3,1,Introvert
5,Yes,3,0,Yes,1,1,Introvert
1,No,8,5,No,,9,Extrovert
2,No,6,5,No,7,3,Extrovert
2,No,6,6,No,8,5,Extrovert
3,No,5,6,No,12,7,Extrovert
0,No,4,5,No,15,4,Extrovert
4,Yes,2,0,Yes,2,1,Introvert
8,,3,2,Yes,4,2,Introvert
11,Yes,3,1,Yes,4,0,Introvert
10,Yes,2,2,Yes,1,2,Extrovert
2,No,9,6,No,12,9,Extrovert
6,Yes,,0,Yes,5,1,Introvert
11,Yes,2,2,Yes,2,0,Introvert
0,No,6,4,No,14,8,Extrovert
5,Yes,1,0,Yes,5,0,Introvert
2,No,7,4,No,15,8,Extrovert
0,No,,4,No,10,4,Extrovert
0,No,9,6,No,8,7,Extrovert
10,Yes,1,1,Yes,2,2,Introvert
3,No,5,6,No,13,7,Extrovert
1,No,7,4,No,12,5,Extrovert
2,No,6,,No,15,5,Extrovert
0,No,7,5,No,8,3,Extrovert
0,No,6,3,No,10,8,Extrovert
2,No,9,3,No,8,,Extrovert
11,Yes,2,2,Yes,5,2,Introvert
1,No,6,3,No,11,8,Extrovert
,No,5,3,No,15,3,Extrovert
4,Yes,2,1,Yes,3,0,Introvert
2,No,8,5,No,8,9,Extrovert
1,No,4,6,No,6,7,Extrovert
3,No,4,4,No,14,3,Extrovert
1,No,7,5,No,14,8,Introvert
9,Yes,2,1,Yes,2,2,Introvert
2,No,6,3,No,9,8,Extrovert
0,No,4,6,No,6,6,Extrovert
4,Yes,1,1,Yes,3,2,Introvert
3,No,4,5,No,6,,Extrovert
0,No,6,4,No,10,3,Extrovert
3,No,6,5,,14,6,Extrovert
3,No,8,6,No,11,8,Extrovert
5,Yes,1,2,Yes,3,,Introvert
10,Yes,2,2,Yes,4,0,Introvert
9,Yes,2,0,Yes,5,0,Introvert
3,No,7,3,No,12,7,Extrovert
5,Yes,3,1,Yes,5,2,Introvert
7,Yes,0,1,Yes,2,2,Introvert
8,Yes,3,0,Yes,5,,Introvert
2,No,7,5,No,8,,Extrovert
0,No,5,3,No,9,5,Extrovert
10,,3,0,Yes,4,0,Introvert
9,Yes,2,1,Yes,2,0,Introvert
1,No,7,4,No,7,9,Extrovert
5,Yes,0,2,Yes,5,1,Introvert
7,Yes,3,2,,4,0,Introvert
10,Yes,2,2,Yes,4,2,Introvert
10,Yes,0,0,Yes,4,1,Introvert
5,Yes,0,2,Yes,3,0,Introvert
1,No,5,,No,6,7,Extrovert
5,Yes,0,1,Yes,4,2,Introvert
1,No,9,5,No,7,3,Extrovert
8,Yes,,2,Yes,3,2,Introvert
0,No,5,5,No,,4,Extrovert
1,No,5,6,No,12,3,Extrovert
11,Yes,3,1,Yes,5,2,Introvert
2,,4,5,No,11,7,Extrovert
,Yes,2,1,Yes,2,2,Introvert
11,Yes,2,0,Yes,4,1,Extrovert
7,Yes,0,,Yes,2,1,Introvert
,Yes,3,2,Yes,2,2,Introvert
11,Yes,1,2,Yes,3,0,Introvert
9,Yes,2,0,Yes,1,0,Extrovert
0,No,9,4,No,5,4,Extrovert
3,No,9,4,No,8,8,Extrovert
7,Yes,0,0,Yes,2,1,Introvert
3,,4,3,No,12,3,Extrovert
9,Yes,1,2,,5,1,Introvert
3,No,8,4,No,13,6,Extrovert
5,Yes,2,2,Yes,1,1,Introvert
11,Yes,1,0,,2,0,Introvert
7,Yes,1,0,Yes,2,0,Introvert
1,No,7,5,No,6,3,Extrovert
,,7,6,No,12,8,Extrovert
6,Yes,,2,Yes,1,1,Introvert
1,No,8,5,No,9,6,Extrovert
7,Yes,0,2,Yes,5,1,Introvert
1,No,9,3,No,6,8,Extrovert
5,Yes,3,1,Yes,4,1,Introvert
11,Yes,1,0,Yes,4,1,Introvert
1,No,8,6,No,12,3,Extrovert
11,Yes,0,0,Yes,4,1,Introvert
9,Yes,2,2,Yes,5,2,Introvert
3,No,6,3,No,8,7,Extrovert
3,No,6,4,No,11,9,Extrovert
9,Yes,1,0,Yes,5,2,Introvert
9,Yes,,2,Yes,,0,Introvert
0,No,9,5,No,6,7,Extrovert
8,Yes,2,2,Yes,,1,Introvert
10,Yes,2,0,Yes,5,2,Introvert
6,Yes,0,,Yes,5,2,Introvert
10,Yes,2,0,Yes,2,1,Extrovert
1,No,4,5,No,10,4,Extrovert
8,Yes,0,2,Yes,1,2,Introvert
4,Yes,3,2,Yes,3,2,Introvert
10,Yes,,2,Yes,5,1,Introvert
1,No,6,6,No,7,3,Extrovert
10,Yes,,0,Yes,1,0,Introvert
5,Yes,0,1,Yes,5,2,Introvert
0,No,6,6,No,7,7,Extrovert
6,Yes,3,0,Yes,4,0,Introvert
2,No,7,5,No,10,5,Extrovert
9,Yes,2,0,Yes,3,0,Introvert
8,Yes,3,0,Yes,4,2,Introvert
8,Yes,0,1,Yes,3,2,Introvert
10,Yes,0,0,Yes,3,1,Extrovert
3,No,6,4,No,11,5,Extrovert
0,No,7,3,No,8,5,Extrovert
1,No,9,5,No,14,9,Introvert
2,No,9,5,No,14,4,Extrovert
6,Yes,2,1,Yes,2,2,Introvert
6,Yes,3,1,Yes,4,1,Introvert
0,No,5,6,No,5,5,Extrovert
11,Yes,3,2,Yes,4,1,Introvert
10,Yes,3,2,,3,2,Introvert
8,Yes,3,0,Yes,4,1,Introvert
9,Yes,1,2,Yes,3,0,Introvert
1,No,9,5,No,8,7,Introvert
0,No,8,4,No,10,3,Extrovert
7,Yes,,2,Yes,1,2,Introvert
1,No,5,5,No,10,3,Extrovert
2,No,8,,No,6,6,Extrovert
6,Yes,2,0,Yes,2,0,Introvert
9,Yes,0,2,Yes,1,1,Introvert
9,Yes,2,1,Yes,4,0,Introvert
2,No,9,4,No,8,7,Extrovert
8,Yes,2,1,Yes,1,2,Introvert
1,No,5,5,No,9,8,Extrovert
7,Yes,1,1,Yes,1,1,Introvert
2,No,9,3,No,6,3,Extrovert
4,Yes,1,1,Yes,1,2,Introvert
11,Yes,0,1,Yes,3,0,Introvert
0,No,7,3,No,6,6,Extrovert
0,No,7,5,,10,4,Extrovert
7,Yes,0,2,Yes,2,0,Introvert
,No,6,,No,12,5,Extrovert
3,No,5,6,No,15,5,Extrovert
9,Yes,2,2,Yes,1,2,Extrovert
3,,8,6,No,7,9,Extrovert
6,Yes,2,2,Yes,4,0,Introvert
4,Yes,2,1,,2,2,Introvert
4,Yes,3,1,Yes,3,1,Introvert
3,No,7,4,No,8,4,Extrovert
1,,8,5,No,11,7,Extrovert
4,Yes,2,1,Yes,2,2,Introvert
5,Yes,0,1,Yes,4,1,Introvert
2,No,8,4,No,9,8,Extrovert
0,No,5,3,No,14,7,Extrovert
10,Yes,0,0,Yes,1,0,Extrovert
4,Yes,1,0,Yes,,2,Introvert
8,Yes,0,,Yes,5,2,Introvert
5,Yes,3,2,Yes,5,1,Introvert
1,No,6,5,No,15,4,Extrovert
7,Yes,1,0,Yes,2,0,Introvert
3,No,6,5,No,14,5,Extrovert
7,Yes,2,1,Yes,4,0,Introvert
1,,8,6,No,10,4,Extrovert
3,No,9,4,No,13,9,Extrovert
0,No,8,5,No,15,9,Extrovert
9,Yes,2,2,Yes,1,0,Introvert
5,Yes,0,1,Yes,5,2,Introvert
8,Yes,1,0,Yes,3,1,Introvert
2,No,5,5,No,11,7,Extrovert
10,Yes,2,0,Yes,2,0,Extrovert
0,No,6,4,No,10,7,Extrovert
0,No,6,5,No,12,9,Extrovert
1,No,7,,No,8,5,Extrovert
8,Yes,2,0,Yes,5,2,Introvert
3,No,4,6,No,9,3,Extrovert
10,Yes,2,2,Yes,2,0,Introvert
9,Yes,3,0,Yes,5,0,Introvert
1,No,6,6,No,12,3,Extrovert
4,Yes,1,0,Yes,1,1,Introvert
9,Yes,3,1,Yes,1,0,Introvert
2,No,6,4,No,9,5,Extrovert
4,Yes,1,1,Yes,5,2,Introvert
1,No,7,4,No,15,6,Extrovert
10,Yes,0,2,Yes,3,2,Introvert
4,Yes,3,0,Yes,4,1,Introvert
4,Yes,1,2,Yes,2,1,Introvert
11,Yes,3,2,Yes,5,0,Introvert
0,,4,6,No,10,4,Extrovert
1,No,8,7,No,9,5,Introvert
,No,5,5,No,6,9,Extrovert
0,No,6,5,No,7,9,Extrovert
9,Yes,1,2,Yes,1,2,Extrovert
3,No,4,3,No,7,5,Extrovert
2,No,9,5,No,12,8,Extrovert
2,No,6,7,No,11,6,Introvert
4,Yes,,2,Yes,,0,Introvert
9,Yes,0,0,,2,2,Introvert
1,No,6,6,No,,7,Extrovert
9,Yes,2,1,Yes,4,2,Introvert
3,No,8,4,No,12,6,Extrovert
2,No,9,3,No,14,7,Extrovert
2,No,8,5,No,10,5,Introvert
2,No,6,5,No,15,4,Extrovert
10,Yes,2,0,Yes,5,0,Introvert
10,Yes,2,2,Yes,5,1,Introvert
3,No,6,5,No,12,5,Extrovert
1,No,5,6,No,8,5,Extrovert
1,No,6,3,No,9,7,Extrovert
4,Yes,2,0,Yes,2,0,Introvert
8,Yes,0,2,Yes,4,0,Introvert
9,Yes,2,2,Yes,3,0,Extrovert
0,No,5,3,No,14,4,Extrovert
0,No,9,5,No,13,7,Extrovert
1,No,7,7,No,9,5,Introvert
1,No,6,5,No,9,5,Extrovert
4,Yes,3,2,,2,0,Introvert
7,Yes,0,0,,3,1,Introvert
0,No,7,3,No,5,6,Extrovert
9,Yes,2,1,Yes,1,1,Introvert
,No,6,5,No,7,3,Extrovert
11,Yes,1,,Yes,1,0,Introvert
5,Yes,2,0,Yes,2,2,Introvert
1,No,5,3,No,10,7,Extrovert
1,No,9,6,No,13,5,Extrovert
2,No,5,4,No,13,6,Extrovert
1,No,7,6,,8,7,Extrovert
0,No,7,5,No,12,3,Extrovert
0,No,4,4,No,8,3,Extrovert
3,No,6,3,No,8,7,Extrovert
10,Yes,0,2,Yes,2,2,Introvert
1,No,8,3,No,8,4,Extrovert
8,Yes,1,0,Yes,1,2,Introvert
3,No,9,6,No,13,8,Extrovert
0,No,6,5,No,9,7,Extrovert
2,No,7,5,No,12,6,Introvert
1,No,7,6,No,13,6,Extrovert
9,Yes,1,2,Yes,1,2,Extrovert
10,Yes,2,2,Yes,5,2,Introvert
0,No,9,4,No,,7,Extrovert
2,No,4,5,No,,6,Extrovert
7,Yes,2,0,Yes,5,1,Introvert
0,No,8,4,No,11,6,Extrovert
5,,2,1,Yes,3,1,Introvert
2,No,5,5,No,10,6,Extrovert
3,,8,5,No,10,5,Extrovert
3,No,6,4,No,12,3,Extrovert
3,No,4,6,No,11,5,Extrovert
2,No,9,3,No,7,8,Extrovert
3,No,9,5,No,5,3,Extrovert
11,Yes,2,1,Yes,3,1,Introvert
3,No,7,5,No,14,3,Extrovert
10,Yes,,0,Yes,,,Introvert
1,No,7,3,No,10,,Extrovert
,Yes,1,0,Yes,1,2,Introvert
4,Yes,1,2,Yes,2,2,Introvert
6,Yes,1,1,Yes,,2,Introvert
2,No,9,3,No,7,4,Extrovert
11,Yes,0,1,Yes,3,2,Introvert
3,No,9,5,No,11,3,Extrovert
8,Yes,0,0,Yes,4,2,Introvert
6,Yes,2,1,Yes,5,2,Introvert
2,No,4,5,No,10,9,Extrovert
3,No,4,5,No,15,4,Extrovert
8,Yes,0,1,Yes,4,0,Introvert
0,No,6,5,No,5,5,Extrovert
3,No,8,6,No,7,6,Extrovert
2,No,,5,No,8,8,Extrovert
10,Yes,3,0,Yes,,2,Introvert
2,No,9,6,No,10,6,Introvert
1,No,9,4,No,10,5,Extrovert
,Yes,1,2,Yes,3,1,Introvert
2,No,8,3,No,6,7,Extrovert
3,No,9,6,No,5,7,Extrovert
0,No,5,4,No,13,7,Extrovert
1,No,5,4,No,11,7,Extrovert
2,No,8,3,,10,8,Extrovert
0,No,6,6,No,13,6,Introvert
0,No,9,3,No,12,8,Extrovert
0,No,9,5,No,14,9,Introvert
1,No,6,3,No,6,4,Extrovert
3,No,4,5,No,5,4,Extrovert
2,,5,6,No,9,9,Extrovert
1,No,9,4,No,5,9,Extrovert
0,No,8,3,No,8,,Extrovert
4,Yes,0,0,Yes,5,1,Introvert
4,Yes,1,0,Yes,3,1,Introvert
3,No,9,4,No,6,9,Extrovert
8,Yes,1,2,Yes,1,1,Introvert
10,Yes,0,2,Yes,1,0,Introvert
11,Yes,3,0,Yes,2,2,Introvert
6,Yes,2,0,Yes,,1,Introvert
4,Yes,2,1,Yes,2,2,Introvert
5,Yes,1,0,Yes,5,1,Introvert
9,Yes,0,0,Yes,5,2,Introvert
10,Yes,0,1,Yes,1,2,Introvert
1,No,9,5,No,14,4,Extrovert
5,Yes,,2,Yes,2,1,Introvert
10,Yes,3,1,Yes,2,0,Introvert
3,No,9,,No,8,4,Extrovert
0,No,8,7,No,13,9,Introvert
0,No,6,5,No,14,5,Extrovert
3,No,6,4,No,8,5,Extrovert
9,Yes,3,0,Yes,1,0,Introvert
11,Yes,3,2,Yes,3,1,Introvert
8,Yes,1,0,Yes,1,0,Extrovert
1,No,8,4,No,15,6,Extrovert
9,Yes,0,2,Yes,1,1,Introvert
11,Yes,1,2,Yes,3,1,Extrovert
5,Yes,0,1,Yes,1,2,Introvert
1,No,9,5,No,12,9,Extrovert
,Yes,0,1,Yes,3,1,Introvert
0,No,4,6,No,9,7,Extrovert
1,No,8,3,No,7,3,Extrovert
2,No,8,3,No,15,7,Extrovert
1,No,5,6,No,5,6,Extrovert
5,Yes,3,2,Yes,1,0,Introvert
6,Yes,2,2,Yes,4,0,Introvert
,Yes,3,2,Yes,2,1,Introvert
8,Yes,3,1,Yes,3,,Introvert
1,No,5,3,No,5,7,Extrovert
2,No,9,6,No,8,6,Introvert
9,Yes,2,0,Yes,2,1,Introvert
2,No,5,4,No,5,9,Extrovert
,No,5,,No,11,9,Extrovert
3,No,6,4,No,5,,Extrovert
3,No,8,5,No,15,3,Extrovert
8,Yes,0,1,Yes,2,0,Introvert
0,No,9,5,No,11,5,Introvert
2,No,6,5,No,6,3,Extrovert
0,No,4,5,No,11,5,Extrovert
5,Yes,3,2,Yes,2,2,Introvert
2,No,4,3,No,8,8,Extrovert
10,Yes,1,2,Yes,2,1,Introvert
9,Yes,3,0,Yes,4,0,Introvert
0,No,5,5,No,14,5,Extrovert
3,No,7,6,No,13,9,Extrovert
1,No,6,6,No,5,8,Extrovert
6,,,1,Yes,2,2,Introvert
3,No,5,5,No,13,9,Extrovert
7,Yes,1,2,Yes,2,0,Introvert
6,Yes,1,0,Yes,5,2,Introvert
0,No,9,3,No,12,8,Extrovert
3,No,4,3,No,12,7,Extrovert
9,Yes,2,1,Yes,4,0,Extrovert
1,No,4,6,No,5,3,Extrovert
0,No,5,6,No,12,4,Extrovert
7,Yes,0,0,Yes,1,1,Extrovert
8,,3,,Yes,5,0,Introvert
,Yes,1,0,,5,1,Introvert
4,Yes,0,1,Yes,1,0,Introvert
10,Yes,3,1,Yes,3,2,Introvert
2,No,7,3,No,15,9,Extrovert
9,Yes,1,1,Yes,1,0,Extrovert
7,Yes,1,0,Yes,2,1,Introvert
9,Yes,3,0,Yes,2,0,Introvert
2,No,5,3,No,14,5,Extrovert
4,Yes,3,0,Yes,4,0,Introvert
3,No,6,,No,5,9,Extrovert
1,No,6,,No,8,6,Extrovert
0,No,9,5,No,8,7,Extrovert
1,No,9,3,No,5,3,Extrovert
1,No,9,6,No,14,7,Extrovert
,Yes,3,1,Yes,4,2,Introvert
0,,9,5,No,14,4,Extrovert
1,No,4,4,No,13,7,Extrovert
7,Yes,2,2,Yes,4,0,Introvert
1,No,6,4,No,5,6,Extrovert
1,No,7,3,No,12,8,Extrovert
1,No,7,4,No,9,6,Extrovert
3,No,7,6,No,6,4,Extrovert
0,No,8,5,No,5,8,Extrovert
3,No,7,4,No,8,6,Extrovert
2,No,9,5,No,11,6,Extrovert
3,No,5,6,No,8,8,Extrovert
3,No,6,4,No,10,7,Extrovert
7,Yes,1,0,Yes,2,1,Extrovert
9,Yes,2,2,Yes,1,0,Extrovert
11,Yes,2,2,Yes,4,2,Introvert
0,No,,3,No,11,5,Extrovert
8,Yes,2,2,Yes,2,0,Extrovert
8,Yes,2,0,Yes,5,0,Introvert
2,No,6,3,No,10,3,Extrovert
5,Yes,0,0,Yes,1,2,Introvert
1,No,6,5,No,12,6,Introvert
2,No,9,5,,14,6,Extrovert
9,Yes,3,2,,2,0,Introvert
1,No,5,3,No,5,5,Extrovert
1,No,6,3,No,11,6,Extrovert
1,No,8,4,No,14,7,Extrovert
9,Yes,0,1,Yes,5,2,Introvert
5,Yes,3,0,Yes,2,1,Introvert
11,Yes,0,2,Yes,3,2,Extrovert
0,No,7,3,No,6,4,Extrovert
2,No,7,,No,8,4,Extrovert
8,Yes,3,0,Yes,2,0,Introvert
1,No,9,4,No,9,8,Extrovert
0,No,7,4,No,11,6,Extrovert
3,No,4,3,,14,8,Extrovert
9,Yes,1,0,Yes,4,1,Introvert
3,No,5,5,No,14,8,Extrovert
0,No,6,4,No,,5,Extrovert
1,No,8,6,No,10,7,Extrovert
4,Yes,1,2,Yes,1,2,Introvert
1,No,7,3,No,8,6,Extrovert
3,No,5,5,No,14,8,Extrovert
4,Yes,3,1,Yes,2,1,Introvert
0,No,6,5,No,6,3,Extrovert
3,,9,5,No,11,3,Extrovert
8,Yes,1,1,Yes,1,0,Introvert
5,Yes,3,2,Yes,3,1,Introvert
0,No,9,4,No,12,,Extrovert
9,Yes,3,0,Yes,2,2,Introvert
3,No,4,5,No,6,4,Extrovert
2,No,8,5,No,13,7,Introvert
3,No,5,5,No,6,7,Extrovert
9,Yes,2,1,Yes,3,,Introvert
3,No,4,6,No,12,4,Extrovert
0,No,4,6,No,6,3,Extrovert
3,No,8,4,No,10,7,Extrovert
2,No,8,5,No,14,5,Extrovert
1,No,7,5,No,9,7,Introvert
2,No,7,6,No,6,7,Extrovert
8,Yes,1,1,Yes,5,2,Introvert
5,Yes,1,2,Yes,4,0,Introvert
11,Yes,2,0,Yes,5,0,Introvert
2,No,5,6,,13,7,Extrovert
1,,5,5,No,14,9,Extrovert
2,No,7,6,No,7,9,Extrovert
10,Yes,3,0,Yes,1,2,Introvert
7,Yes,1,0,Yes,5,2,Introvert
0,No,8,6,No,5,5,Extrovert
10,Yes,3,0,Yes,3,1,Introvert
8,Yes,2,2,Yes,5,1,Introvert
4,Yes,3,1,Yes,5,0,Introvert
3,No,4,6,No,9,,Extrovert
3,No,9,6,No,12,5,Extrovert
8,Yes,,1,Yes,2,0,Introvert
10,Yes,1,0,Yes,2,1,Introvert
2,No,5,4,No,8,7,Extrovert
0,No,4,6,No,9,5,Extrovert
5,Yes,2,0,Yes,5,0,Introvert
2,No,9,5,No,14,6,Extrovert
9,Yes,3,2,,2,0,Introvert
10,Yes,3,1,Yes,4,,Introvert
2,No,4,3,No,9,4,Extrovert
6,Yes,2,1,Yes,1,2,Introvert
1,No,4,4,No,8,7,Extrovert
4,Yes,2,0,Yes,2,2,Introvert
7,Yes,1,0,Yes,,1,Introvert
0,No,5,3,,15,5,Extrovert
11,,2,1,Yes,2,1,Introvert
2,No,5,3,No,10,9,Extrovert
9,Yes,,0,Yes,3,0,Introvert
7,Yes,2,2,Yes,2,0,Introvert
11,Yes,3,2,Yes,3,2,Introvert
1,No,4,6,No,,3,Extrovert
10,,0,2,Yes,3,1,Introvert
3,No,9,6,No,7,8,Extrovert
0,No,9,4,No,,4,Extrovert
2,No,7,3,No,11,7,Extrovert
1,No,7,7,No,10,9,Introvert
1,No,9,3,No,8,9,Extrovert
2,No,7,6,No,9,7,Extrovert
2,No,4,4,No,9,7,Extrovert
2,No,9,3,No,6,8,Extrovert
1,No,,6,No,8,6,Extrovert
2,,8,6,No,11,3,Extrovert
1,No,8,6,No,12,7,Introvert
8,Yes,2,1,Yes,2,0,Introvert
10,Yes,0,1,Yes,3,1,Extrovert
1,No,6,6,No,7,7,Extrovert
3,No,4,6,No,5,9,Extrovert
8,Yes,2,0,Yes,4,1,Extrovert
4,Yes,0,0,Yes,2,0,Introvert
9,Yes,2,0,Yes,3,2,Introvert
2,No,7,4,No,5,7,Extrovert
9,Yes,3,0,Yes,5,2,Introvert
4,Yes,3,1,Yes,4,1,Introvert
2,No,9,3,No,5,9,Extrovert
5,Yes,2,0,Yes,4,,Introvert
3,No,9,5,No,8,,Extrovert
9,,1,0,Yes,4,0,Introvert
3,No,8,4,No,10,3,Extrovert
8,Yes,2,0,Yes,1,0,Introvert
6,Yes,1,,Yes,3,0,Introvert
11,Yes,2,0,Yes,5,1,Introvert
8,Yes,2,0,Yes,2,0,Introvert
11,Yes,2,2,Yes,3,0,Introvert
0,No,4,5,No,13,3,Extrovert
0,No,5,5,No,7,9,Extrovert
9,Yes,2,1,Yes,2,2,Introvert
3,No,4,3,No,15,9,Extrovert
1,No,9,6,No,7,3,Extrovert
0,No,5,3,No,,5,Extrovert
10,Yes,0,2,Yes,4,0,Introvert
3,No,9,3,No,9,8,Extrovert
7,Yes,3,0,Yes,1,2,Introvert
11,Yes,1,0,Yes,2,1,Introvert
8,Yes,1,0,Yes,3,1,Extrovert
2,No,9,7,No,14,5,Introvert
0,No,4,5,No,13,9,Extrovert
3,No,7,3,No,7,8,Extrovert
2,No,6,3,No,8,3,Extrovert
0,No,4,3,No,5,4,Extrovert
10,Yes,2,,Yes,4,1,Introvert
5,Yes,3,1,Yes,3,1,Introvert
2,No,4,3,No,6,6,Extrovert
11,Yes,1,2,Yes,2,2,Introvert
0,No,6,5,No,13,8,Introvert
4,Yes,2,0,Yes,3,2,Introvert
5,Yes,0,1,Yes,4,1,Introvert
7,Yes,2,0,Yes,4,1,Introvert
6,Yes,1,1,Yes,4,0,Introvert
1,No,7,5,No,12,3,Extrovert
0,No,4,5,No,14,7,Extrovert
3,No,5,4,No,10,6,Extrovert
7,Yes,,1,Yes,2,1,Introvert
10,Yes,1,1,Yes,1,2,Introvert
9,Yes,0,2,Yes,3,,Introvert
2,No,5,4,No,6,8,Extrovert
0,,5,5,No,6,6,Extrovert
10,Yes,1,1,Yes,2,0,Introvert
1,No,6,5,No,10,8,Extrovert
5,Yes,2,2,Yes,5,0,Introvert
3,No,4,5,No,12,4,Extrovert
3,No,,5,No,12,3,Extrovert
,No,9,5,No,9,4,Extrovert
0,,6,3,No,7,7,Extrovert
3,No,9,6,No,12,5,Extrovert
6,Yes,2,0,Yes,5,1,Introvert
2,No,7,3,No,12,7,Extrovert
7,Yes,1,1,Yes,5,2,Introvert
,No,4,6,No,12,3,Extrovert
2,No,4,3,No,,3,Extrovert
0,,7,4,No,8,,Extrovert
6,Yes,2,1,Yes,3,2,Introvert
,No,6,6,No,14,6,Extrovert
3,,8,6,No,11,9,Extrovert
0,No,4,3,No,9,7,Extrovert
7,Yes,0,1,Yes,1,0,Introvert
11,Yes,1,0,Yes,3,2,Introvert
11,Yes,0,1,Yes,3,1,Introvert
10,Yes,0,1,Yes,2,1,Introvert
2,No,6,3,No,11,7,Extrovert
5,Yes,1,0,Yes,4,0,Introvert
1,No,5,6,No,13,6,Extrovert
10,Yes,2,0,Yes,,2,Introvert
9,Yes,0,2,Yes,3,1,Introvert
1,No,9,4,No,10,6,Extrovert
0,,7,3,No,12,7,Extrovert
0,No,7,3,No,10,4,Extrovert
2,No,8,5,No,6,8,Extrovert
1,No,8,3,No,7,9,Extrovert
11,Yes,1,2,Yes,2,2,Introvert
3,No,7,4,No,11,3,Extrovert
3,No,,4,No,7,4,Extrovert
3,No,5,4,No,13,5,Extrovert
8,Yes,2,0,Yes,5,0,Introvert
2,No,9,4,No,15,4,Extrovert
11,Yes,2,1,Yes,5,,Introvert
9,Yes,0,2,Yes,4,1,Introvert
8,Yes,2,1,Yes,3,0,Introvert
11,Yes,0,1,Yes,5,1,Introvert
2,No,7,4,No,7,7,Extrovert
3,No,,3,No,10,4,Extrovert
2,No,6,3,No,9,9,Extrovert
10,Yes,1,1,Yes,2,2,Introvert
7,Yes,2,2,Yes,2,2,Introvert
4,Yes,2,2,Yes,3,2,Introvert
3,No,4,3,No,15,8,Extrovert
7,Yes,,2,Yes,3,1,Introvert
1,No,9,6,No,14,7,Extrovert
0,No,5,4,No,10,7,Extrovert
10,Yes,1,1,Yes,4,1,Introvert
0,,4,5,No,10,3,Extrovert
8,Yes,2,0,Yes,4,0,Extrovert
0,No,8,4,No,10,9,Extrovert
3,No,5,6,No,9,,Extrovert
10,Yes,2,0,Yes,5,,Introvert
7,Yes,2,2,Yes,5,2,Introvert
2,No,8,4,No,10,5,Extrovert
1,No,5,4,No,15,8,Extrovert
9,Yes,0,2,Yes,1,0,Introvert
2,No,9,3,No,12,5,Extrovert
1,No,8,6,No,12,6,Extrovert
3,No,5,4,No,6,3,Extrovert
8,Yes,3,0,Yes,2,1,Introvert
0,No,9,6,No,8,6,Extrovert
0,No,9,3,No,,9,Extrovert
10,Yes,0,0,Yes,4,1,Introvert
10,Yes,1,0,Yes,1,0,Introvert
0,No,4,5,No,15,7,Extrovert
5,Yes,0,2,Yes,1,2,Introvert
,No,7,6,No,11,7,Extrovert
11,Yes,2,2,Yes,2,1,Extrovert
4,Yes,2,1,Yes,2,0,Introvert
0,No,8,5,No,5,9,Extrovert
5,Yes,1,0,Yes,5,2,Introvert
1,No,8,4,No,10,7,Extrovert
5,Yes,1,1,Yes,2,2,Introvert
11,Yes,2,0,Yes,1,0,Extrovert
10,Yes,3,0,Yes,1,0,Introvert
6,Yes,0,0,Yes,4,0,Introvert
1,No,4,5,,7,8,Extrovert
10,Yes,2,1,Yes,4,0,Introvert
1,No,8,3,No,12,9,Extrovert
5,Yes,2,2,,1,2,Introvert
1,No,4,,No,15,3,Extrovert
,,1,2,Yes,4,2,Introvert
0,No,6,3,No,14,5,Extrovert
5,Yes,1,2,Yes,1,1,Introvert
5,Yes,2,2,Yes,3,2,Introvert
6,Yes,3,2,Yes,1,1,Introvert
4,Yes,0,2,Yes,2,0,Introvert
2,No,7,6,No,6,7,Extrovert
7,Yes,,0,Yes,1,2,Introvert
3,No,9,4,No,8,3,Extrovert
10,Yes,0,1,Yes,3,0,Introvert
8,Yes,3,2,Yes,3,0,Introvert
3,No,8,3,No,8,6,Extrovert
3,No,7,6,No,9,4,Extrovert
5,Yes,3,0,Yes,2,1,Introvert
5,Yes,0,2,Yes,5,1,Introvert
5,Yes,0,0,Yes,4,2,Introvert
2,No,4,5,No,5,7,Extrovert
1,No,7,6,No,15,3,Extrovert
7,Yes,2,1,Yes,1,0,Extrovert
2,No,7,4,No,7,3,Extrovert
2,No,6,3,No,6,6,Extrovert
3,No,8,5,No,11,6,Extrovert
2,No,8,3,No,14,4,Extrovert
11,Yes,1,2,Yes,1,0,Introvert
8,Yes,1,0,Yes,1,0,Introvert
7,Yes,3,1,,1,1,Introvert
2,No,7,7,No,9,8,Introvert
0,No,9,6,No,14,7,Extrovert
2,No,8,6,No,6,4,Extrovert
4,Yes,0,2,Yes,3,1,Introvert
6,Yes,2,1,Yes,2,1,Introvert
8,Yes,1,1,Yes,2,2,Introvert
3,No,5,6,No,13,3,Extrovert
9,Yes,0,2,Yes,1,0,Introvert
3,No,7,4,No,9,8,Extrovert
8,Yes,2,0,Yes,1,1,Introvert
11,Yes,0,1,Yes,3,1,Introvert
1,No,7,3,No,7,4,Extrovert
10,Yes,2,2,Yes,1,0,Extrovert
5,Yes,1,2,Yes,4,0,Introvert
2,No,8,5,No,7,9,Extrovert
2,No,4,4,No,10,3,Extrovert
3,No,7,5,No,6,4,Extrovert
8,Yes,1,0,Yes,2,1,Introvert
3,No,5,6,No,12,5,Extrovert
2,No,4,4,No,9,8,Extrovert
11,Yes,0,0,Yes,3,2,Extrovert
8,Yes,2,1,Yes,1,1,Introvert
1,No,8,5,No,11,8,Introvert
4,Yes,1,0,Yes,4,1,Introvert
2,No,5,4,No,6,7,Extrovert
7,Yes,3,1,Yes,,1,Introvert
7,Yes,2,2,Yes,1,1,Extrovert
2,No,8,6,No,12,4,Extrovert
4,Yes,2,0,Yes,3,0,Introvert
2,,8,5,No,12,5,Extrovert
10,Yes,2,1,Yes,3,1,Introvert
11,Yes,1,0,Yes,3,2,Extrovert
4,Yes,0,2,Yes,5,2,Introvert
0,No,5,6,No,12,7,Extrovert
1,No,7,3,No,9,3,Extrovert
1,No,8,4,No,5,5,Extrovert
2,No,4,5,No,6,4,Extrovert
0,No,9,,No,11,3,Extrovert
1,No,4,3,No,10,4,Extrovert
10,Yes,2,0,Yes,3,1,Extrovert
1,No,5,5,No,13,6,Extrovert
5,Yes,0,2,Yes,5,1,Introvert
1,No,9,4,No,10,8,Extrovert
1,No,7,5,No,10,5,Extrovert
2,No,5,3,No,9,3,Extrovert
1,No,9,5,No,11,8,Introvert
2,No,7,4,No,13,7,Extrovert
5,Yes,2,1,Yes,2,2,Introvert
1,No,6,5,No,14,5,Extrovert
9,Yes,2,0,Yes,3,2,Introvert
1,No,4,6,No,9,5,Extrovert
2,No,4,4,No,8,7,Extrovert
1,No,6,7,No,13,7,Introvert
3,No,8,3,No,6,7,Extrovert
8,Yes,3,,Yes,4,2,Introvert
2,No,5,4,No,7,8,Extrovert
2,No,7,5,No,14,3,Extrovert
2,No,5,3,No,7,4,Extrovert
3,No,5,4,No,7,4,Extrovert
0,No,6,4,No,13,3,Extrovert
8,Yes,2,1,Yes,2,1,Introvert
4,Yes,1,2,Yes,5,0,Introvert
0,No,8,5,No,14,5,Extrovert
1,No,7,6,No,5,9,Extrovert
2,No,5,6,No,7,6,Extrovert
2,No,7,4,No,12,8,Extrovert
9,Yes,2,1,Yes,5,0,Introvert
0,No,6,3,No,7,5,Extrovert
4,Yes,1,2,Yes,1,2,Introvert
1,,9,3,No,7,6,Extrovert
7,Yes,2,2,Yes,1,1,Introvert
11,Yes,0,2,Yes,3,1,Introvert
10,Yes,0,0,,2,0,Introvert
7,Yes,0,0,Yes,5,2,Introvert
0,No,9,6,No,6,3,Extrovert
5,Yes,0,1,Yes,1,0,Introvert
6,Yes,0,0,Yes,3,0,Introvert
8,Yes,2,0,Yes,1,2,Introvert
6,Yes,3,1,Yes,5,1,Introvert
9,Yes,2,0,Yes,1,2,Introvert
9,,2,0,Yes,4,2,Introvert
0,No,9,3,No,12,,Extrovert
3,No,7,6,No,6,6,Extrovert
3,No,8,3,No,14,9,Extrovert
4,Yes,1,1,Yes,4,0,Introvert
11,Yes,1,,Yes,2,0,Introvert
3,No,6,6,No,6,9,Extrovert
